zip,quantum_risk_prob,classical_risk_prob
90001,0.833797,0.244881
90002,0.833797,0.244881
90003,0.833797,0.244881
90004,0.096505,0.293101
90005,0.833797,0.244881
90006,0.833797,0.244881
90007,0.833797,0.244881
90008,0.833797,0.244881
90009,0.833797,0.244881
90010,0.833797,0.244881
90011,0.833797,0.244881
90012,0.096505,0.293101
90013,0.833797,0.244881
90014,0.833797,0.244881
90015,0.833797,0.244881
90016,0.833797,0.244881
90017,0.833797,0.244881
90018,0.833797,0.244881
90019,0.833797,0.244881
90020,0.096505,0.293101
90021,0.833797,0.244881
90022,0.191011,0.275962
90023,0.833797,0.244881
90024,0.833797,0.244881
90025,0.833797,0.244881
90026,0.096505,0.293101
90027,0.096505,0.293101
90028,0.096505,0.293101
90029,0.096505,0.293101
90030,0.833797,0.244881
90031,0.096505,0.293101
90032,0.096505,0.293101
90033,0.833797,0.244881
90034,0.833797,0.244881
90035,0.833797,0.244881
90036,0.096505,0.293101
90037,0.833797,0.244881
90038,0.096505,0.293101
90039,0.096505,0.293101
90040,0.191011,0.275962
90041,0.096505,0.293101
90042,0.096505,0.293101
90043,0.833797,0.244881
90044,0.833797,0.244881
90045,0.833797,0.244881
90046,0.30777,0.760996
90047,0.833797,0.244881
90048,0.096505,0.293101
90049,0.824622,0.713494
90050,0.833797,0.244881
90051,0.833797,0.244881
90052,0.833797,0.244881
90053,0.833797,0.244881
90054,0.833797,0.244881
90055,0.833797,0.244881
90056,0.833797,0.244881
90057,0.833797,0.244881
90058,0.833797,0.244881
90059,0.833797,0.244881
90060,0.833797,0.244881
90061,0.833797,0.244881
90062,0.833797,0.244881
90063,0.833797,0.244881
90064,0.833797,0.244881
90065,0.096505,0.293101
90066,0.833797,0.244881
90067,0.833797,0.244881
90068,0.30777,0.760996
90069,0.096505,0.293101
90070,0.833797,0.244881
90071,0.833797,0.244881
90072,0.833797,0.244881
90073,0.191011,0.275962
90074,0.833797,0.244881
90075,0.833797,0.244881
90076,0.833797,0.244881
90077,0.096505,0.293101
90078,0.833797,0.244881
90079,0.191011,0.275962
90080,0.833797,0.244881
90081,0.833797,0.244881
90082,0.833797,0.244881
90083,0.833797,0.244881
90084,0.833797,0.244881
90086,0.833797,0.244881
90087,0.833797,0.244881
90088,0.833797,0.244881
90089,0.191011,0.275962
90090,0.096505,0.293101
90091,0.833797,0.244881
90093,0.833797,0.244881
90094,0.833797,0.244881
90095,0.191011,0.275962
90096,0.833797,0.244881
90099,0.833797,0.244881
90134,0.833797,0.244881
90189,0.833797,0.244881
90201,0.191011,0.275962
90202,0.191011,0.275962
90209,0.096505,0.293101
90210,0.096505,0.293101
90211,0.833797,0.244881
90212,0.833797,0.244881
90213,0.096505,0.293101
90220,0.191011,0.275962
90221,0.191011,0.275962
90222,0.191011,0.275962
90223,0.191011,0.275962
90224,0.191011,0.275962
90230,0.833797,0.244881
90231,0.833797,0.244881
90232,0.833797,0.244881
90233,0.833797,0.244881
90239,0.191011,0.275962
90240,0.191011,0.275962
90241,0.191011,0.275962
90242,0.191011,0.275962
90245,0.833797,0.244881
90247,0.833797,0.244881
90248,0.833797,0.244881
90249,0.833797,0.244881
90250,0.833797,0.244881
90251,0.833797,0.244881
90254,0.833797,0.244881
90255,0.833797,0.244881
90260,0.833797,0.244881
90261,0.833797,0.244881
90262,0.191011,0.275962
90263,0.705889,0.406678
90264,0.705889,0.406678
90265,0.6606,0.903912
90266,0.833797,0.244881
90267,0.191011,0.275962
90270,0.833797,0.244881
90272,0.194557,0.798383
90274,0.833797,0.244881
90275,0.833797,0.244881
90277,0.833797,0.244881
90278,0.833797,0.244881
90280,0.191011,0.275962
90290,0.860013,0.806559
90291,0.833797,0.244881
90292,0.833797,0.244881
90293,0.833797,0.244881
90294,0.833797,0.244881
90295,0.191011,0.275962
90296,0.191011,0.275962
90301,0.833797,0.244881
90302,0.833797,0.244881
90303,0.833797,0.244881
90304,0.833797,0.244881
90305,0.833797,0.244881
90306,0.833797,0.244881
90307,0.191011,0.275962
90308,0.833797,0.244881
90309,0.191011,0.275962
90310,0.191011,0.275962
90311,0.833797,0.244881
90312,0.833797,0.244881
90401,0.833797,0.244881
90402,0.833797,0.244881
90403,0.833797,0.244881
90404,0.833797,0.244881
90405,0.833797,0.244881
90406,0.833797,0.244881
90407,0.833797,0.244881
90408,0.833797,0.244881
90409,0.833797,0.244881
90410,0.833797,0.244881
90411,0.833797,0.244881
90501,0.833797,0.244881
90502,0.191011,0.275962
90503,0.833797,0.244881
90504,0.833797,0.244881
90505,0.833797,0.244881
90506,0.191011,0.275962
90507,0.191011,0.275962
90508,0.191011,0.275962
90509,0.191011,0.275962
90510,0.191011,0.275962
90601,0.506595,0.716004
90602,0.455913,0.274258
90603,0.191011,0.275962
90604,0.191011,0.275962
90605,0.191011,0.275962
90606,0.191011,0.275962
90607,0.191011,0.275962
90608,0.191011,0.275962
90609,0.191011,0.275962
90610,0.191011,0.275962
90620,0.191011,0.275962
90621,0.191011,0.275962
90622,0.191011,0.275962
90623,0.191011,0.275962
90624,0.191011,0.275962
90630,0.191011,0.275962
90631,0.506595,0.716004
90632,0.191011,0.275962
90633,0.191011,0.275962
90637,0.191011,0.275962
90638,0.191011,0.275962
90639,0.191011,0.275962
90640,0.191011,0.275962
90650,0.191011,0.275962
90651,0.191011,0.275962
90652,0.191011,0.275962
90660,0.191011,0.275962
90661,0.191011,0.275962
90662,0.191011,0.275962
90670,0.191011,0.275962
90671,0.191011,0.275962
90680,0.191011,0.275962
90701,0.191011,0.275962
90702,0.191011,0.275962
90703,0.191011,0.275962
90704,0.678731,0.731486
90706,0.191011,0.275962
90707,0.191011,0.275962
90710,0.191011,0.275962
90711,0.191011,0.275962
90712,0.191011,0.275962
90713,0.191011,0.275962
90714,0.191011,0.275962
90715,0.191011,0.275962
90716,0.191011,0.275962
90717,0.191011,0.275962
90720,0.191011,0.275962
90721,0.191011,0.275962
90723,0.191011,0.275962
90731,0.191011,0.275962
90732,0.191011,0.275962
90733,0.191011,0.275962
90734,0.191011,0.275962
90740,0.191011,0.275962
90742,0.191011,0.275962
90743,0.191011,0.275962
90744,0.191011,0.275962
90745,0.191011,0.275962
90746,0.191011,0.275962
90747,0.191011,0.275962
90748,0.191011,0.275962
90749,0.191011,0.275962
90755,0.191011,0.275962
90801,0.191011,0.275962
90802,0.191011,0.275962
90803,0.191011,0.275962
90804,0.191011,0.275962
90805,0.191011,0.275962
90806,0.191011,0.275962
90807,0.191011,0.275962
90808,0.191011,0.275962
90809,0.191011,0.275962
90810,0.191011,0.275962
90813,0.191011,0.275962
90814,0.191011,0.275962
90815,0.191011,0.275962
90822,0.191011,0.275962
90831,0.191011,0.275962
90832,0.191011,0.275962
90833,0.191011,0.275962
90834,0.191011,0.275962
90835,0.191011,0.275962
90840,0.191011,0.275962
90842,0.191011,0.275962
90844,0.191011,0.275962
90846,0.191011,0.275962
90847,0.191011,0.275962
90848,0.191011,0.275962
90853,0.191011,0.275962
90895,0.191011,0.275962
90899,0.191011,0.275962
91001,0.096505,0.293101
91003,0.096505,0.293101
91006,0.096505,0.293101
91007,0.096505,0.293101
91008,0.096505,0.293101
91009,0.096505,0.293101
91010,0.096505,0.293101
91011,0.096505,0.293101
91012,0.096505,0.293101
91016,0.096505,0.293101
91017,0.096505,0.293101
91020,0.096505,0.293101
91021,0.096505,0.293101
91023,0.096505,0.293101
91024,0.096505,0.293101
91025,0.096505,0.293101
91030,0.096505,0.293101
91031,0.096505,0.293101
91040,0.096505,0.293101
91041,0.096505,0.293101
91042,0.096505,0.293101
91043,0.096505,0.293101
91046,0.096505,0.293101
91066,0.096505,0.293101
91077,0.096505,0.293101
91101,0.096505,0.293101
91102,0.096505,0.293101
91103,0.096505,0.293101
91104,0.096505,0.293101
91105,0.096505,0.293101
91106,0.096505,0.293101
91107,0.096505,0.293101
91108,0.096505,0.293101
91109,0.096505,0.293101
91110,0.096505,0.293101
91114,0.096505,0.293101
91115,0.096505,0.293101
91116,0.096505,0.293101
91117,0.096505,0.293101
91118,0.096505,0.293101
91121,0.096505,0.293101
91123,0.096505,0.293101
91124,0.096505,0.293101
91125,0.096505,0.293101
91126,0.096505,0.293101
91129,0.096505,0.293101
91182,0.096505,0.293101
91184,0.096505,0.293101
91185,0.096505,0.293101
91188,0.096505,0.293101
91189,0.096505,0.293101
91199,0.096505,0.293101
91201,0.096505,0.293101
91202,0.096505,0.293101
91203,0.096505,0.293101
91204,0.096505,0.293101
91205,0.096505,0.293101
91206,0.096505,0.293101
91207,0.096505,0.293101
91208,0.096505,0.293101
91209,0.096505,0.293101
91210,0.096505,0.293101
91214,0.096505,0.293101
91221,0.096505,0.293101
91222,0.096505,0.293101
91224,0.096505,0.293101
91225,0.096505,0.293101
91226,0.096505,0.293101
91301,0.866426,0.928512
91302,0.663722,0.851185
91303,0.096505,0.293101
91304,0.096505,0.293101
91305,0.096505,0.293101
91306,0.096505,0.293101
91307,0.096505,0.293101
91308,0.096505,0.293101
91309,0.096505,0.293101
91310,0.01856,0.356206
91311,0.230004,0.777186
91313,0.096505,0.293101
91316,0.096505,0.293101
91319,0.705889,0.406678
91320,0.42464,0.894033
91321,0.913591,0.806858
91322,0.096505,0.293101
91324,0.096505,0.293101
91325,0.096505,0.293101
91326,0.096505,0.293101
91327,0.096505,0.293101
91328,0.096505,0.293101
91329,0.096505,0.293101
91330,0.096505,0.293101
91331,0.096505,0.293101
91333,0.096505,0.293101
91334,0.096505,0.293101
91335,0.096505,0.293101
91337,0.096505,0.293101
91340,0.096505,0.293101
91341,0.096505,0.293101
91342,0.096505,0.293101
91343,0.096505,0.293101
91344,0.30777,0.760996
91345,0.096505,0.293101
91346,0.096505,0.293101
91350,0.096505,0.293101
91351,0.096505,0.293101
91352,0.096505,0.293101
91353,0.096505,0.293101
91354,0.096505,0.293101
91355,0.646907,0.689049
91356,0.096505,0.293101
91357,0.096505,0.293101
91358,0.705889,0.406678
91359,0.705889,0.406678
91360,0.663274,0.798107
91361,0.297632,0.860335
91362,0.241263,0.385032
91364,0.74184,0.732811
91365,0.096505,0.293101
91367,0.096505,0.293101
91371,0.096505,0.293101
91372,0.096505,0.293101
91376,0.705889,0.406678
91377,0.663274,0.798107
91380,0.096505,0.293101
91381,0.702637,0.787542
91382,0.096505,0.293101
91383,0.096505,0.293101
91384,0.745873,0.879272
91385,0.096505,0.293101
91386,0.096505,0.293101
91387,0.30777,0.760996
91390,0.138723,0.920338
91392,0.096505,0.293101
91393,0.096505,0.293101
91394,0.096505,0.293101
91395,0.096505,0.293101
91396,0.096505,0.293101
91401,0.096505,0.293101
91402,0.096505,0.293101
91403,0.096505,0.293101
91404,0.096505,0.293101
91405,0.096505,0.293101
91406,0.096505,0.293101
91407,0.096505,0.293101
91408,0.096505,0.293101
91409,0.096505,0.293101
91410,0.096505,0.293101
91411,0.096505,0.293101
91412,0.096505,0.293101
91413,0.096505,0.293101
91416,0.096505,0.293101
91423,0.096505,0.293101
91426,0.096505,0.293101
91436,0.096505,0.293101
91470,0.096505,0.293101
91482,0.096505,0.293101
91495,0.096505,0.293101
91496,0.096505,0.293101
91499,0.096505,0.293101
91501,0.096505,0.293101
91502,0.096505,0.293101
91503,0.096505,0.293101
91504,0.096505,0.293101
91505,0.096505,0.293101
91506,0.096505,0.293101
91507,0.096505,0.293101
91508,0.096505,0.293101
91510,0.096505,0.293101
91521,0.096505,0.293101
91522,0.096505,0.293101
91523,0.096505,0.293101
91526,0.096505,0.293101
91601,0.096505,0.293101
91602,0.096505,0.293101
91603,0.096505,0.293101
91604,0.096505,0.293101
91605,0.096505,0.293101
91606,0.096505,0.293101
91607,0.096505,0.293101
91608,0.096505,0.293101
91609,0.096505,0.293101
91610,0.191011,0.275962
91611,0.096505,0.293101
91612,0.096505,0.293101
91614,0.096505,0.293101
91615,0.096505,0.293101
91616,0.096505,0.293101
91617,0.096505,0.293101
91618,0.096505,0.293101
91701,0.457499,0.510164
91702,0.191011,0.275962
91706,0.191011,0.275962
91708,0.457499,0.510164
91709,0.506595,0.716004
91710,0.457499,0.510164
91711,0.457499,0.510164
91714,0.191011,0.275962
91715,0.191011,0.275962
91716,0.191011,0.275962
91722,0.191011,0.275962
91723,0.191011,0.275962
91724,0.191011,0.275962
91729,0.457499,0.510164
91730,0.457499,0.510164
91731,0.191011,0.275962
91732,0.191011,0.275962
91733,0.191011,0.275962
91734,0.191011,0.275962
91735,0.191011,0.275962
91737,0.457499,0.510164
91739,0.457499,0.510164
91740,0.191011,0.275962
91741,0.175042,0.290246
91743,0.457499,0.510164
91744,0.191011,0.275962
91745,0.801038,0.798404
91746,0.191011,0.275962
91747,0.191011,0.275962
91748,0.983602,0.746871
91749,0.191011,0.275962
91750,0.191011,0.275962
91752,0.457499,0.510164
91754,0.191011,0.275962
91755,0.191011,0.275962
91756,0.096505,0.293101
91758,0.457499,0.510164
91759,0.468797,0.875084
91761,0.457499,0.510164
91762,0.457499,0.510164
91763,0.457499,0.510164
91764,0.457499,0.510164
91765,0.175042,0.290246
91766,0.191011,0.275962
91767,0.191011,0.275962
91768,0.191011,0.275962
91769,0.191011,0.275962
91770,0.191011,0.275962
91771,0.096505,0.293101
91772,0.096505,0.293101
91773,0.652768,0.703583
91775,0.096505,0.293101
91776,0.096505,0.293101
91778,0.096505,0.293101
91780,0.096505,0.293101
91784,0.457499,0.510164
91785,0.457499,0.510164
91786,0.457499,0.510164
91788,0.191011,0.275962
91789,0.191011,0.275962
91790,0.191011,0.275962
91791,0.191011,0.275962
91792,0.191011,0.275962
91793,0.191011,0.275962
91801,0.096505,0.293101
91802,0.096505,0.293101
91803,0.096505,0.293101
91804,0.096505,0.293101
91896,0.096505,0.293101
91899,0.096505,0.293101
91901,0.72136,0.841256
91902,0.414465,0.220709
91903,0.113502,0.381808
91905,0.291857,0.749012
91906,0.747114,0.636678
91908,0.962313,0.216545
91909,0.962313,0.216545
91910,0.962313,0.216545
91911,0.962313,0.216545
91912,0.962313,0.216545
91913,0.962313,0.216545
91914,0.747114,0.699995
91915,0.962313,0.216545
91916,0.370159,0.842388
91917,0.628288,0.812493
91921,0.962313,0.216545
91931,0.113502,0.381808
91932,0.962313,0.216545
91933,0.962313,0.216545
91934,0.192966,0.279858
91935,0.122092,0.646432
91941,0.962313,0.216545
91942,0.113502,0.381808
91943,0.962313,0.216545
91944,0.962313,0.216545
91945,0.962313,0.216545
91946,0.962313,0.216545
91948,0.113502,0.381808
91950,0.962313,0.216545
91951,0.962313,0.216545
91962,0.113502,0.381808
91963,0.962313,0.216545
91976,0.962313,0.216545
91977,0.962313,0.216545
91978,0.355777,0.206113
91979,0.962313,0.216545
91980,0.962313,0.216545
91987,0.962313,0.216545
92003,0.113502,0.381808
92004,0.192966,0.279858
92007,0.113502,0.381808
92008,0.113502,0.381808
92009,0.113502,0.381808
92010,0.113502,0.381808
92011,0.113502,0.381808
92013,0.113502,0.381808
92014,0.113502,0.381808
92018,0.113502,0.381808
92019,0.303675,0.93924
92020,0.113502,0.381808
92021,0.113502,0.381808
92022,0.113502,0.381808
92023,0.113502,0.381808
92024,0.113502,0.381808
92025,0.113502,0.381808
92026,0.113502,0.381808
92027,0.579859,0.396824
92028,0.73635,0.891064
92029,0.113502,0.381808
92030,0.113502,0.381808
92033,0.113502,0.381808
92036,0.056315,0.417845
92037,0.113502,0.381808
92038,0.113502,0.381808
92039,0.113502,0.381808
92040,0.835219,0.82587
92046,0.113502,0.381808
92049,0.113502,0.381808
92051,0.113502,0.381808
92052,0.113502,0.381808
92054,0.113502,0.381808
92055,0.629617,0.79142
92056,0.113502,0.381808
92057,0.113502,0.381808
92058,0.531514,0.803359
92059,0.835219,0.780801
92060,0.113502,0.381808
92061,0.125712,0.880819
92064,0.113502,0.381808
92065,0.554242,0.883752
92066,0.113502,0.381808
92067,0.113502,0.381808
92068,0.113502,0.381808
92069,0.113502,0.381808
92070,0.266966,0.84219
92071,0.113502,0.381808
92072,0.113502,0.381808
92074,0.113502,0.381808
92075,0.113502,0.381808
92078,0.113502,0.381808
92079,0.113502,0.381808
92081,0.113502,0.381808
92082,0.629617,0.834768
92083,0.113502,0.381808
92084,0.113502,0.381808
92085,0.113502,0.381808
92086,0.895554,0.920105
92088,0.113502,0.381808
92091,0.113502,0.381808
92092,0.113502,0.381808
92093,0.113502,0.381808
92096,0.113502,0.381808
92101,0.962313,0.216545
92102,0.962313,0.216545
92103,0.962313,0.216545
92104,0.962313,0.216545
92105,0.962313,0.216545
92106,0.962313,0.216545
92107,0.962313,0.216545
92108,0.962313,0.216545
92109,0.962313,0.216545
92110,0.962313,0.216545
92111,0.962313,0.216545
92112,0.962313,0.216545
92113,0.962313,0.216545
92114,0.962313,0.216545
92115,0.962313,0.216545
92116,0.962313,0.216545
92117,0.113502,0.381808
92118,0.962313,0.216545
92119,0.113502,0.381808
92120,0.113502,0.381808
92121,0.113502,0.381808
92122,0.113502,0.381808
92123,0.113502,0.381808
92124,0.113502,0.381808
92126,0.113502,0.381808
92127,0.113502,0.381808
92128,0.113502,0.381808
92129,0.113502,0.381808
92130,0.113502,0.381808
92131,0.113502,0.381808
92132,0.962313,0.216545
92134,0.962313,0.216545
92135,0.962313,0.216545
92136,0.962313,0.216545
92137,0.113502,0.381808
92138,0.962313,0.216545
92139,0.962313,0.216545
92140,0.962313,0.216545
92142,0.962313,0.216545
92143,0.113502,0.381808
92145,0.113502,0.381808
92147,0.962313,0.216545
92149,0.962313,0.216545
92150,0.962313,0.216545
92152,0.962313,0.216545
92153,0.962313,0.216545
92154,0.462427,0.819168
92155,0.962313,0.216545
92158,0.962313,0.216545
92159,0.962313,0.216545
92160,0.962313,0.216545
92161,0.113502,0.381808
92163,0.962313,0.216545
92165,0.962313,0.216545
92166,0.962313,0.216545
92167,0.962313,0.216545
92168,0.962313,0.216545
92169,0.962313,0.216545
92170,0.962313,0.216545
92171,0.962313,0.216545
92172,0.962313,0.216545
92173,0.962313,0.216545
92174,0.962313,0.216545
92175,0.962313,0.216545
92176,0.962313,0.216545
92177,0.962313,0.216545
92178,0.962313,0.216545
92179,0.962313,0.216545
92182,0.962313,0.216545
92186,0.962313,0.216545
92187,0.962313,0.216545
92190,0.962313,0.216545
92191,0.962313,0.216545
92192,0.962313,0.216545
92193,0.962313,0.216545
92195,0.962313,0.216545
92196,0.962313,0.216545
92197,0.962313,0.216545
92198,0.962313,0.216545
92199,0.962313,0.216545
92201,0.616955,0.279763
92202,0.616955,0.279763
92203,0.616955,0.279763
92210,0.616955,0.279763
92211,0.616955,0.279763
92220,0.658981,0.898078
92222,0.192966,0.279858
92223,0.457499,0.510164
92225,0.431592,0.157841
92226,0.192966,0.279858
92227,0.291857,0.749012
92230,0.457499,0.510164
92231,0.621858,0.249953
92232,0.192966,0.279858
92233,0.192966,0.279858
92234,0.616955,0.279763
92235,0.616955,0.279763
92236,0.616955,0.279763
92239,0.616955,0.279763
92240,0.616955,0.279763
92241,0.616955,0.279763
92242,0.431592,0.157841
92243,0.192966,0.279858
92244,0.192966,0.279858
92247,0.616955,0.279763
92248,0.616955,0.279763
92249,0.192966,0.279858
92250,0.016965,0.306697
92251,0.192966,0.279858
92252,0.616955,0.279763
92253,0.616955,0.279763
92254,0.940156,0.748923
92255,0.616955,0.279763
92256,0.616955,0.279763
92257,0.444533,0.264284
92258,0.616955,0.279763
92259,0.475264,0.775302
92260,0.616955,0.279763
92261,0.616955,0.279763
92262,0.811042,0.80015
92263,0.457499,0.510164
92264,0.811042,0.750435
92266,0.192966,0.279858
92267,0.801895,0.553526
92268,0.616955,0.279763
92270,0.616955,0.279763
92273,0.192966,0.279858
92274,0.940156,0.69138
92275,0.192966,0.279858
92276,0.616955,0.279763
92277,0.616955,0.279763
92278,0.616955,0.279763
92280,0.431592,0.157841
92281,0.192966,0.279858
92282,0.550163,0.902412
92283,0.192966,0.279858
92284,0.616955,0.279763
92285,0.616955,0.279763
92286,0.616955,0.279763
92301,0.098621,0.545306
92304,0.616955,0.279763
92305,0.457499,0.510164
92307,0.063455,0.963492
92308,0.457499,0.510164
92309,0.460426,0.423911
92310,0.460426,0.423911
92311,0.460426,0.423911
92312,0.460426,0.423911
92313,0.457499,0.510164
92314,0.457499,0.510164
92315,0.457499,0.510164
92316,0.457499,0.510164
92317,0.457499,0.510164
92318,0.457499,0.510164
92320,0.350486,0.888863
92321,0.457499,0.510164
92322,0.457499,0.510164
92323,0.431592,0.157841
92324,0.457499,0.510164
92325,0.457499,0.510164
92327,0.460426,0.423911
92328,0.436899,0.471303
92329,0.068706,0.522666
92331,0.457499,0.510164
92332,0.801985,0.757437
92333,0.457499,0.510164
92334,0.457499,0.510164
92335,0.457499,0.510164
92336,0.928405,0.873245
92337,0.457499,0.510164
92338,0.616955,0.279763
92339,0.915731,0.889656
92340,0.457499,0.510164
92341,0.457499,0.510164
92342,0.098621,0.545306
92344,0.707291,0.527651
92345,0.457499,0.510164
92346,0.791759,0.951214
92347,0.460426,0.423911
92350,0.457499,0.510164
92352,0.457499,0.510164
92354,0.457499,0.510164
92356,0.928405,0.873245
92357,0.457499,0.510164
92358,0.940911,0.548463
92359,0.550163,0.902412
92363,0.431592,0.157841
92364,0.918031,0.741298
92365,0.460426,0.423911
92366,0.505423,0.217525
92368,0.098621,0.545306
92369,0.457499,0.510164
92371,0.068706,0.522666
92372,0.068706,0.522666
92373,0.928405,0.873245
92374,0.457499,0.510164
92375,0.457499,0.510164
92376,0.457499,0.510164
92377,0.457499,0.510164
92378,0.457499,0.510164
92382,0.915731,0.889656
92384,0.436899,0.471303
92385,0.457499,0.510164
92386,0.457499,0.510164
92389,0.55874,0.421217
92391,0.457499,0.510164
92392,0.068706,0.522666
92393,0.098621,0.545306
92394,0.098621,0.545306
92395,0.457499,0.510164
92397,0.068706,0.522666
92398,0.460426,0.423911
92399,0.457499,0.510164
92401,0.457499,0.510164
92402,0.457499,0.510164
92403,0.457499,0.510164
92404,0.562914,0.884827
92405,0.457499,0.510164
92406,0.457499,0.510164
92407,0.354568,0.978863
92408,0.457499,0.510164
92410,0.457499,0.510164
92411,0.457499,0.510164
92413,0.457499,0.510164
92415,0.457499,0.510164
92418,0.457499,0.510164
92423,0.457499,0.510164
92427,0.457499,0.510164
92501,0.457499,0.510164
92502,0.457499,0.510164
92503,0.928405,0.873245
92504,0.457499,0.510164
92505,0.457499,0.510164
92506,0.457499,0.510164
92507,0.457499,0.510164
92508,0.457499,0.510164
92509,0.871493,0.925721
92513,0.457499,0.510164
92514,0.457499,0.510164
92515,0.457499,0.510164
92516,0.457499,0.510164
92517,0.457499,0.510164
92518,0.457499,0.510164
92519,0.457499,0.510164
92521,0.457499,0.510164
92522,0.457499,0.510164
92530,0.928405,0.873245
92531,0.457499,0.510164
92532,0.457499,0.510164
92536,0.457499,0.510164
92539,0.899388,0.969115
92543,0.707291,0.527651
92544,0.931096,0.916217
92545,0.457499,0.510164
92546,0.457499,0.510164
92548,0.457499,0.510164
92549,0.530669,0.844326
92551,0.457499,0.510164
92552,0.457499,0.510164
92553,0.457499,0.510164
92554,0.457499,0.510164
92555,0.915731,0.914787
92556,0.457499,0.510164
92557,0.457499,0.510164
92561,0.36112,0.865639
92562,0.468797,0.903172
92563,0.457499,0.510164
92564,0.457499,0.510164
92567,0.457499,0.510164
92570,0.350486,0.888863
92571,0.457499,0.510164
92572,0.457499,0.510164
92581,0.457499,0.510164
92582,0.350486,0.888863
92583,0.915731,0.889656
92584,0.457499,0.510164
92585,0.457499,0.510164
92586,0.457499,0.510164
92587,0.457499,0.510164
92589,0.457499,0.510164
92590,0.457499,0.510164
92591,0.457499,0.510164
92592,0.457499,0.510164
92593,0.457499,0.510164
92595,0.457499,0.510164
92596,0.350486,0.85728
92599,0.457499,0.510164
92602,0.983602,0.746871
92603,0.285144,0.29727
92604,0.191011,0.275962
92605,0.191011,0.275962
92606,0.191011,0.275962
92607,0.191011,0.275962
92609,0.191011,0.275962
92610,0.457499,0.510164
92612,0.768739,0.745345
92614,0.191011,0.275962
92615,0.191011,0.275962
92616,0.191011,0.275962
92617,0.191011,0.275962
92618,0.09208,0.296054
92619,0.191011,0.275962
92620,0.191011,0.275962
92623,0.191011,0.275962
92624,0.191011,0.275962
92625,0.191011,0.275962
92626,0.191011,0.275962
92627,0.768739,0.687324
92628,0.191011,0.275962
92629,0.191011,0.275962
92630,0.474924,0.720091
92637,0.191011,0.275962
92646,0.191011,0.275962
92647,0.191011,0.275962
92648,0.191011,0.275962
92649,0.191011,0.275962
92650,0.191011,0.275962
92651,0.785693,0.757791
92652,0.191011,0.275962
92653,0.950321,0.750669
92654,0.191011,0.275962
92655,0.191011,0.275962
92656,0.474924,0.720091
92657,0.191011,0.275962
92658,0.191011,0.275962
92659,0.191011,0.275962
92660,0.191011,0.275962
92661,0.191011,0.275962
92662,0.191011,0.275962
92663,0.191011,0.275962
92672,0.723501,0.891622
92673,0.350486,0.888863
92674,0.457499,0.510164
92675,0.983602,0.746871
92676,0.199541,0.979559
92677,0.191011,0.275962
92678,0.871493,0.875463
92679,0.915731,0.889656
92683,0.191011,0.275962
92684,0.191011,0.275962
92685,0.191011,0.275962
92688,0.457499,0.510164
92690,0.457499,0.510164
92691,0.457499,0.510164
92692,0.457499,0.510164
92693,0.191011,0.275962
92694,0.163474,0.549127
92697,0.191011,0.275962
92698,0.191011,0.275962
92701,0.191011,0.275962
92702,0.191011,0.275962
92703,0.191011,0.275962
92704,0.191011,0.275962
92705,0.191011,0.275962
92706,0.191011,0.275962
92707,0.191011,0.275962
92708,0.191011,0.275962
92711,0.191011,0.275962
92712,0.191011,0.275962
92728,0.191011,0.275962
92735,0.191011,0.275962
92780,0.191011,0.275962
92781,0.191011,0.275962
92782,0.191011,0.275962
92799,0.191011,0.275962
92801,0.191011,0.275962
92802,0.191011,0.275962
92803,0.191011,0.275962
92804,0.191011,0.275962
92805,0.191011,0.275962
92806,0.191011,0.275962
92807,0.191011,0.275962
92808,0.191011,0.275962
92809,0.191011,0.275962
92811,0.191011,0.275962
92812,0.191011,0.275962
92814,0.191011,0.275962
92815,0.191011,0.275962
92816,0.191011,0.275962
92817,0.191011,0.275962
92821,0.109917,0.278839
92822,0.191011,0.275962
92823,0.191011,0.275962
92825,0.191011,0.275962
92831,0.191011,0.275962
92832,0.191011,0.275962
92833,0.191011,0.275962
92834,0.191011,0.275962
92835,0.191011,0.275962
92836,0.191011,0.275962
92837,0.191011,0.275962
92838,0.191011,0.275962
92840,0.191011,0.275962
92841,0.191011,0.275962
92842,0.191011,0.275962
92843,0.191011,0.275962
92844,0.191011,0.275962
92845,0.191011,0.275962
92846,0.191011,0.275962
92850,0.191011,0.275962
92856,0.191011,0.275962
92857,0.191011,0.275962
92859,0.191011,0.275962
92860,0.457499,0.510164
92861,0.191011,0.275962
92862,0.191011,0.275962
92863,0.191011,0.275962
92864,0.191011,0.275962
92865,0.191011,0.275962
92866,0.191011,0.275962
92867,0.506595,0.716004
92868,0.191011,0.275962
92869,0.558267,0.284459
92870,0.191011,0.275962
92871,0.191011,0.275962
92877,0.457499,0.510164
92878,0.457499,0.510164
92879,0.457499,0.510164
92880,0.915731,0.889656
92881,0.875727,0.904175
92882,0.457499,0.510164
92883,0.350486,0.85728
92885,0.191011,0.275962
92886,0.191011,0.275962
92887,0.474924,0.720091
92899,0.191011,0.275962
93001,0.247224,0.957671
93002,0.705889,0.406678
93003,0.593411,0.841424
93004,0.663274,0.798107
93005,0.705889,0.406678
93006,0.705889,0.406678
93007,0.705889,0.406678
93009,0.705889,0.406678
93010,0.705889,0.406678
93011,0.705889,0.406678
93012,0.593411,0.841424
93013,0.379305,0.4279
93014,0.379305,0.4279
93015,0.623242,0.938274
93016,0.705889,0.406678
93020,0.705889,0.406678
93021,0.756602,0.809251
93022,0.705889,0.406678
93023,0.361267,0.915798
93024,0.705889,0.406678
93030,0.663274,0.798107
93031,0.705889,0.406678
93032,0.705889,0.406678
93033,0.705889,0.406678
93034,0.705889,0.406678
93035,0.663274,0.798107
93036,0.121113,0.875578
93040,0.759871,0.901394
93041,0.273948,0.844099
93042,0.705889,0.406678
93043,0.705889,0.406678
93044,0.705889,0.406678
93060,0.613532,0.933839
93061,0.705889,0.406678
93062,0.705889,0.406678
93063,0.910304,0.924918
93064,0.096505,0.293101
93065,0.46208,0.90491
93066,0.273948,0.878184
93067,0.379305,0.4279
93094,0.705889,0.406678
93099,0.705889,0.406678
93101,0.379305,0.4279
93102,0.379305,0.4279
93103,0.379305,0.4279
93105,0.54622,0.855038
93106,0.379305,0.4279
93107,0.379305,0.4279
93108,0.379305,0.4279
93109,0.379305,0.4279
93110,0.598716,0.831861
93111,0.379305,0.4279
93116,0.379305,0.4279
93117,0.361934,0.902975
93118,0.379305,0.4279
93120,0.379305,0.4279
93121,0.379305,0.4279
93130,0.379305,0.4279
93140,0.379305,0.4279
93150,0.379305,0.4279
93160,0.379305,0.4279
93190,0.379305,0.4279
93199,0.379305,0.4279
93201,0.906951,0.314439
93202,0.447682,0.533673
93203,0.907193,0.811774
93204,0.671499,0.931947
93205,0.628724,0.725671
93206,0.906951,0.314439
93207,0.906951,0.314439
93208,0.906951,0.314439
93210,0.360476,0.999463
93212,0.447682,0.533673
93215,0.628724,0.778866
93216,0.906951,0.314439
93218,0.906951,0.314439
93219,0.051424,0.802531
93220,0.618536,0.752102
93221,0.447682,0.533673
93222,0.5,0.785402
93223,0.447682,0.533673
93224,0.906951,0.314439
93225,0.578551,0.397332
93226,0.906951,0.314439
93227,0.447682,0.533673
93230,0.447682,0.533673
93232,0.447682,0.533673
93234,0.447682,0.533673
93235,0.03587,0.307938
93237,0.03587,0.307938
93238,0.618536,0.752102
93239,0.818924,0.932456
93240,0.226558,0.879838
93241,0.906951,0.314439
93242,0.447682,0.533673
93243,0.162506,0.969979
93244,0.03587,0.307938
93245,0.447682,0.533673
93246,0.447682,0.533673
93247,0.447682,0.533673
93249,0.348277,0.909165
93250,0.618536,0.752102
93251,0.906951,0.314439
93252,0.898481,0.945579
93254,0.824184,0.886782
93255,0.474078,0.866259
93256,0.906951,0.314439
93257,0.981432,0.839997
93258,0.906951,0.314439
93260,0.906951,0.314439
93261,0.906951,0.314439
93262,0.530328,0.966396
93263,0.906951,0.314439
93265,0.72489,0.88835
93266,0.447682,0.533673
93267,0.906951,0.314439
93268,0.300978,0.346077
93270,0.906951,0.314439
93271,0.316988,0.746404
93272,0.447682,0.533673
93274,0.447682,0.533673
93275,0.447682,0.533673
93276,0.906951,0.314439
93277,0.447682,0.533673
93278,0.447682,0.533673
93279,0.447682,0.533673
93280,0.482262,0.78025
93282,0.447682,0.533673
93283,0.200049,0.76494
93285,0.588332,0.780971
93286,0.03587,0.307938
93287,0.906951,0.314439
93290,0.447682,0.533673
93291,0.447682,0.533673
93292,0.447682,0.533673
93301,0.916773,0.339317
93302,0.906951,0.314439
93303,0.906951,0.314439
93304,0.906951,0.314439
93305,0.906951,0.314439
93306,0.545446,0.854292
93307,0.906951,0.314439
93308,0.797627,0.868545
93309,0.906951,0.314439
93311,0.817982,0.746871
93312,0.906951,0.314439
93313,0.906951,0.314439
93314,0.906951,0.314439
93380,0.906951,0.314439
93383,0.906951,0.314439
93384,0.906951,0.314439
93385,0.906951,0.314439
93386,0.906951,0.314439
93387,0.906951,0.314439
93388,0.906951,0.314439
93389,0.906951,0.314439
93390,0.906951,0.314439
93401,0.231983,0.946787
93402,0.136389,0.502926
93403,0.136389,0.502926
93405,0.27992,0.950806
93406,0.136389,0.502926
93407,0.136389,0.502926
93408,0.136389,0.502926
93409,0.136389,0.502926
93410,0.5,0.870006
93412,0.136389,0.502926
93420,0.751051,0.951423
93421,0.136389,0.502926
93422,0.136389,0.502926
93423,0.136389,0.502926
93424,0.136389,0.502926
93426,0.647971,0.995643
93427,0.689613,0.892895
93428,0.5,0.870006
93429,0.136389,0.502926
93430,0.425606,0.913143
93432,0.830536,0.916561
93433,0.136389,0.502926
93434,0.136389,0.502926
93435,0.136389,0.502926
93436,0.877886,0.9404
93437,0.716881,0.481227
93438,0.716881,0.481227
93440,0.329734,0.8537
93441,0.379305,0.4279
93442,0.5,0.870006
93443,0.136389,0.502926
93444,0.765142,0.923418
93445,0.136389,0.502926
93446,0.758263,0.999165
93447,0.447682,0.533673
93448,0.136389,0.502926
93449,0.824184,0.886782
93450,0.365227,0.975604
93451,0.337372,0.944716
93452,0.136389,0.502926
93453,0.077127,0.999986
93454,0.471942,0.971562
93455,0.695887,0.899832
93456,0.136389,0.502926
93457,0.136389,0.502926
93458,0.136389,0.502926
93460,0.132908,0.905347
93461,0.561109,0.999039
93463,0.808545,0.909456
93464,0.379305,0.4279
93465,0.494741,0.972951
93475,0.136389,0.502926
93483,0.136389,0.502926
93501,0.061126,0.903001
93502,0.098621,0.545306
93504,0.098621,0.545306
93505,0.098621,0.545306
93510,0.337484,0.879479
93512,0.793141,0.784514
93513,0.167986,0.972104
93514,0.883531,0.963372
93515,0.793141,0.784514
93516,0.098621,0.545306
93517,0.834052,0.965734
93518,0.348127,0.871128
93519,0.098621,0.545306
93522,0.793141,0.784514
93523,0.098621,0.545306
93524,0.098621,0.545306
93526,0.793141,0.784514
93527,0.098621,0.545306
93528,0.098621,0.545306
93529,0.793141,0.784514
93530,0.793141,0.784514
93531,0.618536,0.752102
93532,0.5,0.785402
93534,0.068706,0.522666
93535,0.068706,0.522666
93536,0.385437,0.970325
93539,0.068706,0.522666
93541,0.221479,0.960131
93542,0.098621,0.545306
93543,0.459712,0.893713
93544,0.232956,0.537964
93545,0.146871,0.966301
93546,0.596469,0.970574
93549,0.531199,0.808557
93550,0.678656,0.878684
93551,0.808267,0.894476
93552,0.068706,0.522666
93553,0.068706,0.522666
93554,0.098621,0.545306
93555,0.098621,0.545306
93556,0.098621,0.545306
93558,0.098621,0.545306
93560,0.068706,0.522666
93561,0.771849,0.925052
93562,0.460426,0.423911
93563,0.584101,0.876049
93581,0.01856,0.356206
93584,0.068706,0.522666
93586,0.068706,0.522666
93590,0.068706,0.522666
93591,0.068706,0.522666
93592,0.460426,0.423911
93596,0.098621,0.545306
93599,0.068706,0.522666
93601,0.03587,0.307938
93602,0.928637,0.744008
93603,0.708258,0.779396
93604,0.03587,0.307938
93605,0.90524,0.719592
93606,0.03587,0.307938
93607,0.03587,0.307938
93608,0.447682,0.533673
93609,0.447682,0.533673
93610,0.03587,0.307938
93611,0.03587,0.307938
93612,0.03587,0.307938
93613,0.03587,0.307938
93614,0.03587,0.307938
93615,0.03587,0.307938
93616,0.03587,0.307938
93618,0.03587,0.307938
93619,0.949368,0.795965
93620,0.03587,0.307938
93621,0.316988,0.746404
93622,0.576397,0.799955
93623,0.03587,0.307938
93624,0.447682,0.533673
93625,0.03587,0.307938
93626,0.928637,0.744008
93627,0.447682,0.533673
93628,0.03587,0.307938
93630,0.03587,0.307938
93631,0.03587,0.307938
93633,0.03587,0.307938
93634,0.085888,0.892046
93635,0.203578,0.848781
93636,0.03587,0.307938
93637,0.03587,0.307938
93638,0.03587,0.307938
93639,0.03587,0.307938
93640,0.447682,0.533673
93641,0.316988,0.746404
93642,0.793141,0.784514
93643,0.28151,0.739608
93644,0.90524,0.719592
93645,0.03587,0.307938
93646,0.03587,0.307938
93647,0.316988,0.746404
93648,0.03587,0.307938
93649,0.03587,0.307938
93650,0.03587,0.307938
93651,0.90524,0.773598
93652,0.03587,0.307938
93653,0.916203,0.779629
93654,0.49275,0.86098
93656,0.447682,0.533673
93657,0.596431,0.935225
93660,0.447682,0.533673
93661,0.03587,0.307938
93662,0.03587,0.307938
93664,0.03587,0.307938
93665,0.03587,0.307938
93666,0.03587,0.307938
93667,0.614498,0.844017
93668,0.447682,0.533673
93669,0.03587,0.307938
93670,0.03587,0.307938
93673,0.03587,0.307938
93675,0.30854,0.900018
93701,0.03587,0.307938
93702,0.03587,0.307938
93703,0.03587,0.307938
93704,0.03587,0.307938
93705,0.03587,0.307938
93706,0.03587,0.307938
93707,0.03587,0.307938
93708,0.03587,0.307938
93709,0.03587,0.307938
93710,0.03587,0.307938
93711,0.03587,0.307938
93712,0.03587,0.307938
93714,0.03587,0.307938
93715,0.03587,0.307938
93716,0.03587,0.307938
93717,0.03587,0.307938
93718,0.03587,0.307938
93720,0.03587,0.307938
93721,0.03587,0.307938
93722,0.03587,0.307938
93723,0.03587,0.307938
93724,0.03587,0.307938
93725,0.03587,0.307938
93726,0.03587,0.307938
93727,0.03587,0.307938
93728,0.03587,0.307938
93729,0.03587,0.307938
93730,0.03587,0.307938
93737,0.03587,0.307938
93740,0.03587,0.307938
93741,0.03587,0.307938
93744,0.03587,0.307938
93745,0.03587,0.307938
93747,0.03587,0.307938
93750,0.03587,0.307938
93755,0.03587,0.307938
93760,0.03587,0.307938
93761,0.03587,0.307938
93764,0.03587,0.307938
93765,0.03587,0.307938
93771,0.03587,0.307938
93772,0.03587,0.307938
93773,0.03587,0.307938
93774,0.03587,0.307938
93775,0.03587,0.307938
93776,0.03587,0.307938
93777,0.03587,0.307938
93778,0.03587,0.307938
93779,0.03587,0.307938
93786,0.03587,0.307938
93790,0.03587,0.307938
93791,0.03587,0.307938
93792,0.03587,0.307938
93793,0.03587,0.307938
93794,0.03587,0.307938
93844,0.03587,0.307938
93888,0.03587,0.307938
93901,0.137249,0.422274
93902,0.137249,0.422274
93905,0.137249,0.422274
93906,0.137249,0.422274
93907,0.907056,0.849812
93908,0.927094,0.889092
93912,0.137249,0.422274
93915,0.137249,0.422274
93920,0.757136,0.910012
93921,0.489702,0.407207
93922,0.489702,0.407207
93923,0.489702,0.407207
93924,0.716096,0.866483
93925,0.137249,0.422274
93926,0.732119,0.828617
93927,0.137249,0.422274
93928,0.732119,0.828617
93930,0.491102,0.944753
93932,0.907056,0.882822
93933,0.489702,0.407207
93940,0.489702,0.407207
93942,0.489702,0.407207
93943,0.489702,0.407207
93944,0.489702,0.407207
93950,0.489702,0.407207
93953,0.489702,0.407207
93954,0.137249,0.422274
93955,0.489702,0.407207
93960,0.951289,0.83883
93962,0.137249,0.422274
94002,0.630564,0.278913
94005,0.839265,0.748129
94010,0.630564,0.278913
94011,0.630564,0.278913
94014,0.275567,0.718987
94015,0.630564,0.278913
94016,0.630564,0.278913
94017,0.630564,0.278913
94018,0.630564,0.278913
94019,0.630564,0.278913
94020,0.630564,0.278913
94021,0.490724,0.284831
94022,0.065462,0.34606
94023,0.065462,0.34606
94024,0.065462,0.34606
94025,0.065462,0.34606
94026,0.630564,0.278913
94027,0.630564,0.278913
94028,0.630564,0.278913
94030,0.630564,0.278913
94035,0.065462,0.34606
94037,0.630564,0.278913
94038,0.630564,0.278913
94039,0.065462,0.34606
94040,0.065462,0.34606
94041,0.065462,0.34606
94042,0.065462,0.34606
94043,0.065462,0.34606
94044,0.630564,0.278913
94060,0.839265,0.748129
94061,0.630564,0.278913
94062,0.630564,0.278913
94063,0.630564,0.278913
94064,0.630564,0.278913
94065,0.630564,0.278913
94066,0.630564,0.278913
94070,0.630564,0.278913
94074,0.630564,0.278913
94080,0.630564,0.278913
94083,0.630564,0.278913
94085,0.065462,0.34606
94086,0.065462,0.34606
94087,0.065462,0.34606
94088,0.065462,0.34606
94089,0.065462,0.34606
94102,0.095198,0.322735
94103,0.095198,0.322735
94104,0.095198,0.322735
94105,0.095198,0.322735
94107,0.095198,0.322735
94108,0.095198,0.322735
94109,0.095198,0.322735
94110,0.630564,0.278913
94111,0.095198,0.322735
94112,0.630564,0.278913
94114,0.630564,0.278913
94115,0.095198,0.322735
94116,0.630564,0.278913
94117,0.630564,0.278913
94118,0.630564,0.278913
94119,0.095198,0.322735
94120,0.095198,0.322735
94121,0.630564,0.278913
94122,0.630564,0.278913
94123,0.095198,0.322735
94124,0.630564,0.278913
94125,0.095198,0.322735
94126,0.095198,0.322735
94127,0.630564,0.278913
94128,0.630564,0.278913
94129,0.630564,0.278913
94130,0.095198,0.322735
94131,0.630564,0.278913
94132,0.630564,0.278913
94133,0.095198,0.322735
94134,0.630564,0.278913
94137,0.095198,0.322735
94139,0.095198,0.322735
94140,0.095198,0.322735
94141,0.095198,0.322735
94142,0.095198,0.322735
94143,0.630564,0.278913
94144,0.095198,0.322735
94145,0.095198,0.322735
94146,0.095198,0.322735
94147,0.095198,0.322735
94151,0.095198,0.322735
94158,0.095198,0.322735
94159,0.095198,0.322735
94160,0.095198,0.322735
94161,0.095198,0.322735
94163,0.095198,0.322735
94164,0.095198,0.322735
94172,0.095198,0.322735
94177,0.095198,0.322735
94188,0.095198,0.322735
94203,0.291034,0.417442
94204,0.291034,0.417442
94205,0.291034,0.417442
94206,0.291034,0.417442
94207,0.291034,0.417442
94208,0.291034,0.417442
94209,0.291034,0.417442
94211,0.291034,0.417442
94229,0.291034,0.417442
94230,0.291034,0.417442
94232,0.291034,0.417442
94234,0.291034,0.417442
94235,0.291034,0.417442
94236,0.291034,0.417442
94237,0.291034,0.417442
94239,0.291034,0.417442
94240,0.291034,0.417442
94244,0.291034,0.417442
94245,0.291034,0.417442
94247,0.291034,0.417442
94248,0.291034,0.417442
94249,0.291034,0.417442
94250,0.291034,0.417442
94252,0.291034,0.417442
94254,0.291034,0.417442
94256,0.291034,0.417442
94257,0.291034,0.417442
94258,0.291034,0.417442
94259,0.291034,0.417442
94261,0.291034,0.417442
94262,0.291034,0.417442
94263,0.291034,0.417442
94267,0.291034,0.417442
94268,0.291034,0.417442
94269,0.291034,0.417442
94271,0.291034,0.417442
94273,0.291034,0.417442
94274,0.291034,0.417442
94277,0.291034,0.417442
94278,0.291034,0.417442
94279,0.291034,0.417442
94280,0.291034,0.417442
94282,0.291034,0.417442
94283,0.291034,0.417442
94284,0.291034,0.417442
94285,0.291034,0.417442
94286,0.291034,0.417442
94287,0.291034,0.417442
94288,0.291034,0.417442
94289,0.291034,0.417442
94290,0.291034,0.417442
94291,0.291034,0.417442
94293,0.291034,0.417442
94294,0.291034,0.417442
94295,0.291034,0.417442
94296,0.291034,0.417442
94297,0.291034,0.417442
94298,0.291034,0.417442
94299,0.291034,0.417442
94301,0.065462,0.34606
94302,0.065462,0.34606
94303,0.065462,0.34606
94304,0.065462,0.34606
94305,0.065462,0.34606
94306,0.065462,0.34606
94309,0.065462,0.34606
94401,0.630564,0.278913
94402,0.630564,0.278913
94403,0.630564,0.278913
94404,0.630564,0.278913
94497,0.630564,0.278913
94501,0.095198,0.322735
94502,0.095198,0.322735
94503,0.097665,0.934098
94505,0.930886,0.476746
94506,0.065462,0.34606
94507,0.065462,0.34606
94508,0.150521,0.881427
94509,0.880607,0.500302
94510,0.273869,0.872053
94511,0.880607,0.500302
94512,0.880607,0.500302
94513,0.59487,0.874948
94514,0.930886,0.476746
94515,0.150521,0.881427
94516,0.095198,0.322735
94517,0.659868,0.881107
94518,0.095198,0.322735
94519,0.880607,0.500302
94520,0.880607,0.500302
94521,0.880607,0.500302
94522,0.880607,0.500302
94523,0.095198,0.322735
94524,0.880607,0.500302
94525,0.880607,0.500302
94526,0.065462,0.34606
94527,0.880607,0.500302
94528,0.065462,0.34606
94529,0.880607,0.500302
94530,0.095198,0.322735
94531,0.880607,0.500302
94533,0.540593,0.852385
94534,0.098904,0.878795
94535,0.880607,0.500302
94536,0.065462,0.34606
94537,0.065462,0.34606
94538,0.065462,0.34606
94539,0.065462,0.34606
94540,0.065462,0.34606
94541,0.065462,0.34606
94542,0.065462,0.34606
94543,0.065462,0.34606
94544,0.065462,0.34606
94545,0.065462,0.34606
94546,0.065462,0.34606
94547,0.095198,0.322735
94548,0.930886,0.476746
94549,0.095198,0.322735
94550,0.899334,0.803793
94551,0.337452,0.36032
94552,0.065462,0.34606
94553,0.095198,0.322735
94555,0.065462,0.34606
94556,0.095198,0.322735
94557,0.065462,0.34606
94558,0.5,0.984265
94559,0.430132,0.868814
94560,0.065462,0.34606
94561,0.880607,0.500302
94562,0.038163,0.529145
94563,0.095198,0.322735
94564,0.095198,0.322735
94565,0.5,0.544073
94566,0.065462,0.34606
94567,0.379012,0.908908
94568,0.065462,0.34606
94569,0.880607,0.500302
94570,0.065462,0.34606
94571,0.880607,0.500302
94572,0.095198,0.322735
94573,0.038163,0.529145
94574,0.19922,0.910434
94575,0.065462,0.34606
94576,0.038163,0.529145
94577,0.095198,0.322735
94578,0.065462,0.34606
94579,0.065462,0.34606
94580,0.065462,0.34606
94581,0.880607,0.500302
94582,0.065462,0.34606
94583,0.065462,0.34606
94585,0.880607,0.500302
94586,0.065462,0.34606
94587,0.065462,0.34606
94588,0.065462,0.34606
94589,0.880607,0.500302
94590,0.880607,0.500302
94591,0.880607,0.500302
94592,0.880607,0.500302
94595,0.095198,0.322735
94596,0.095198,0.322735
94597,0.095198,0.322735
94598,0.095198,0.322735
94599,0.038163,0.529145
94601,0.095198,0.322735
94602,0.095198,0.322735
94603,0.095198,0.322735
94604,0.095198,0.322735
94605,0.095198,0.322735
94606,0.095198,0.322735
94607,0.095198,0.322735
94608,0.095198,0.322735
94609,0.095198,0.322735
94610,0.095198,0.322735
94611,0.095198,0.322735
94612,0.095198,0.322735
94613,0.095198,0.322735
94614,0.095198,0.322735
94615,0.095198,0.322735
94617,0.095198,0.322735
94618,0.095198,0.322735
94619,0.095198,0.322735
94620,0.095198,0.322735
94621,0.095198,0.322735
94622,0.095198,0.322735
94623,0.095198,0.322735
94624,0.095198,0.322735
94649,0.095198,0.322735
94659,0.095198,0.322735
94660,0.095198,0.322735
94661,0.095198,0.322735
94662,0.095198,0.322735
94666,0.095198,0.322735
94701,0.095198,0.322735
94702,0.095198,0.322735
94703,0.095198,0.322735
94704,0.095198,0.322735
94705,0.095198,0.322735
94706,0.095198,0.322735
94707,0.095198,0.322735
94708,0.095198,0.322735
94709,0.095198,0.322735
94710,0.095198,0.322735
94712,0.095198,0.322735
94720,0.095198,0.322735
94801,0.095198,0.322735
94802,0.095198,0.322735
94803,0.095198,0.322735
94804,0.095198,0.322735
94805,0.095198,0.322735
94806,0.095198,0.322735
94807,0.095198,0.322735
94808,0.095198,0.322735
94820,0.095198,0.322735
94850,0.095198,0.322735
94901,0.860706,0.759159
94903,0.095198,0.322735
94904,0.095198,0.322735
94912,0.095198,0.322735
94913,0.095198,0.322735
94914,0.095198,0.322735
94915,0.095198,0.322735
94920,0.095198,0.322735
94922,0.427826,0.404176
94923,0.427826,0.404176
94924,0.427826,0.404176
94925,0.095198,0.322735
94926,0.880607,0.500302
94927,0.880607,0.500302
94928,0.880607,0.500302
94929,0.427826,0.404176
94930,0.095198,0.322735
94931,0.662862,0.898882
94933,0.427826,0.404176
94937,0.986663,0.840034
94938,0.264715,0.817755
94939,0.095198,0.322735
94940,0.427826,0.404176
94941,0.973063,0.785378
94942,0.095198,0.322735
94945,0.095198,0.322735
94946,0.717363,0.838948
94947,0.095198,0.322735
94948,0.880607,0.500302
94949,0.095198,0.322735
94950,0.427826,0.404176
94951,0.430132,0.868814
94952,0.098904,0.878795
94953,0.880607,0.500302
94954,0.217816,0.922672
94955,0.880607,0.500302
94956,0.264715,0.817755
94957,0.095198,0.322735
94960,0.095198,0.322735
94963,0.427826,0.404176
94964,0.095198,0.322735
94965,0.095198,0.322735
94966,0.095198,0.322735
94970,0.427826,0.404176
94971,0.427826,0.404176
94972,0.427826,0.404176
94973,0.427826,0.404176
94974,0.095198,0.322735
94975,0.880607,0.500302
94976,0.095198,0.322735
94977,0.095198,0.322735
94978,0.095198,0.322735
94979,0.095198,0.322735
94998,0.095198,0.322735
94999,0.880607,0.500302
95001,0.489702,0.407207
95002,0.065462,0.34606
95003,0.191537,0.427279
95004,0.122506,0.437486
95005,0.191537,0.427279
95006,0.554518,0.827715
95007,0.489702,0.407207
95008,0.065462,0.34606
95009,0.065462,0.34606
95010,0.489702,0.407207
95011,0.065462,0.34606
95012,0.137249,0.422274
95013,0.065462,0.34606
95014,0.065462,0.34606
95015,0.065462,0.34606
95017,0.489702,0.407207
95018,0.489702,0.407207
95019,0.137249,0.422274
95020,0.907056,0.849812
95021,0.137249,0.422274
95023,0.829975,0.922664
95024,0.137249,0.422274
95025,0.065462,0.34606
95026,0.065462,0.34606
95030,0.065462,0.34606
95031,0.065462,0.34606
95032,0.065462,0.34606
95033,0.065462,0.34606
95035,0.507094,0.753212
95036,0.065462,0.34606
95037,0.732119,0.828617
95038,0.137249,0.422274
95039,0.137249,0.422274
95041,0.489702,0.407207
95042,0.065462,0.34606
95043,0.944953,0.959387
95044,0.065462,0.34606
95045,0.203578,0.808264
95046,0.122506,0.437486
95050,0.065462,0.34606
95051,0.065462,0.34606
95052,0.065462,0.34606
95053,0.065462,0.34606
95054,0.065462,0.34606
95055,0.065462,0.34606
95056,0.065462,0.34606
95060,0.43943,0.819621
95061,0.489702,0.407207
95062,0.489702,0.407207
95063,0.489702,0.407207
95064,0.489702,0.407207
95065,0.489702,0.407207
95066,0.660063,0.79846
95067,0.489702,0.407207
95070,0.065462,0.34606
95071,0.065462,0.34606
95073,0.489702,0.407207
95075,0.137249,0.422274
95076,0.938699,0.436737
95077,0.137249,0.422274
95101,0.065462,0.34606
95103,0.065462,0.34606
95106,0.065462,0.34606
95108,0.065462,0.34606
95109,0.065462,0.34606
95110,0.065462,0.34606
95111,0.065462,0.34606
95112,0.065462,0.34606
95113,0.065462,0.34606
95115,0.065462,0.34606
95116,0.065462,0.34606
95117,0.065462,0.34606
95118,0.065462,0.34606
95119,0.065462,0.34606
95120,0.065462,0.34606
95121,0.065462,0.34606
95122,0.065462,0.34606
95123,0.065462,0.34606
95124,0.065462,0.34606
95125,0.065462,0.34606
95126,0.065462,0.34606
95127,0.065462,0.34606
95128,0.065462,0.34606
95129,0.065462,0.34606
95130,0.065462,0.34606
95131,0.065462,0.34606
95132,0.065462,0.34606
95133,0.065462,0.34606
95134,0.065462,0.34606
95135,0.065462,0.34606
95136,0.065462,0.34606
95138,0.611211,0.811699
95139,0.065462,0.34606
95140,0.065462,0.34606
95141,0.065462,0.34606
95148,0.065462,0.34606
95150,0.065462,0.34606
95151,0.065462,0.34606
95152,0.065462,0.34606
95153,0.065462,0.34606
95154,0.065462,0.34606
95155,0.065462,0.34606
95156,0.065462,0.34606
95157,0.065462,0.34606
95158,0.065462,0.34606
95159,0.065462,0.34606
95160,0.065462,0.34606
95161,0.065462,0.34606
95164,0.065462,0.34606
95170,0.065462,0.34606
95172,0.065462,0.34606
95173,0.065462,0.34606
95190,0.065462,0.34606
95191,0.065462,0.34606
95192,0.065462,0.34606
95193,0.065462,0.34606
95194,0.065462,0.34606
95196,0.065462,0.34606
95201,0.930886,0.476746
95202,0.930886,0.476746
95203,0.930886,0.476746
95204,0.930886,0.476746
95205,0.930886,0.476746
95206,0.930886,0.476746
95207,0.930886,0.476746
95208,0.930886,0.476746
95209,0.930886,0.476746
95210,0.930886,0.476746
95211,0.930886,0.476746
95212,0.930886,0.476746
95213,0.930886,0.476746
95214,0.930886,0.476746
95215,0.930886,0.476746
95219,0.930886,0.476746
95220,0.930886,0.476746
95221,0.930886,0.476746
95222,0.810531,0.875827
95223,0.663674,0.955933
95224,0.59487,0.840122
95225,0.332576,0.868636
95226,0.930886,0.476746
95227,0.814372,0.857688
95228,0.810531,0.875827
95229,0.930886,0.476746
95230,0.664948,0.952113
95231,0.930886,0.476746
95232,0.930886,0.476746
95233,0.930886,0.476746
95234,0.930886,0.476746
95236,0.59487,0.874948
95237,0.930886,0.476746
95240,0.59487,0.874948
95241,0.930886,0.476746
95242,0.930886,0.476746
95245,0.930886,0.476746
95246,0.59487,0.840122
95247,0.59487,0.840122
95248,0.930886,0.476746
95249,0.930886,0.476746
95251,0.544174,0.499926
95252,0.59487,0.840122
95253,0.930886,0.476746
95254,0.930886,0.476746
95255,0.930886,0.476746
95257,0.930886,0.476746
95258,0.930886,0.476746
95267,0.930886,0.476746
95269,0.930886,0.476746
95296,0.930886,0.476746
95297,0.930886,0.476746
95301,0.930886,0.476746
95303,0.930886,0.476746
95304,0.930886,0.476746
95305,0.810531,0.875827
95306,0.03587,0.307938
95307,0.930886,0.476746
95309,0.930886,0.476746
95310,0.930886,0.476746
95311,0.451225,0.927864
95312,0.930886,0.476746
95313,0.930886,0.476746
95315,0.930886,0.476746
95316,0.930886,0.476746
95317,0.03587,0.307938
95318,0.90524,0.719592
95319,0.930886,0.476746
95320,0.930886,0.476746
95321,0.366601,0.850832
95322,0.137249,0.422274
95323,0.930886,0.476746
95324,0.930886,0.476746
95325,0.03587,0.307938
95326,0.930886,0.476746
95327,0.664948,0.937236
95328,0.930886,0.476746
95329,0.664948,0.937236
95330,0.930886,0.476746
95333,0.03587,0.307938
95334,0.930886,0.476746
95335,0.59487,0.874948
95336,0.930886,0.476746
95337,0.930886,0.476746
95338,0.73875,0.918212
95340,0.03587,0.307938
95341,0.94593,0.775006
95343,0.03587,0.307938
95344,0.03587,0.307938
95345,0.90524,0.773598
95346,0.930886,0.476746
95347,0.930886,0.476746
95348,0.930886,0.476746
95350,0.930886,0.476746
95351,0.930886,0.476746
95352,0.930886,0.476746
95353,0.930886,0.476746
95354,0.930886,0.476746
95355,0.930886,0.476746
95356,0.930886,0.476746
95357,0.930886,0.476746
95358,0.15481,0.4965
95360,0.59487,0.874948
95361,0.857055,0.893175
95363,0.835106,0.921874
95364,0.810531,0.875827
95365,0.03587,0.307938
95366,0.15481,0.4965
95367,0.930886,0.476746
95368,0.930886,0.476746
95369,0.930886,0.476746
95370,0.544174,0.499926
95372,0.930886,0.476746
95373,0.930886,0.476746
95374,0.930886,0.476746
95375,0.930886,0.476746
95376,0.930886,0.476746
95377,0.968686,0.927323
95378,0.930886,0.476746
95379,0.930886,0.476746
95380,0.930886,0.476746
95381,0.930886,0.476746
95382,0.930886,0.476746
95383,0.814372,0.857688
95385,0.930886,0.476746
95386,0.59487,0.874948
95387,0.930886,0.476746
95388,0.930886,0.476746
95389,0.275345,0.847501
95391,0.930886,0.476746
95397,0.930886,0.476746
95401,0.038163,0.529145
95402,0.038163,0.529145
95403,0.150521,0.881427
95404,0.838601,0.921028
95405,0.038163,0.529145
95406,0.038163,0.529145
95407,0.038163,0.529145
95409,0.038163,0.529145
95410,0.121236,0.348867
95412,0.542904,0.814394
95415,0.227392,0.517363
95416,0.880607,0.500302
95417,0.121236,0.348867
95418,0.121236,0.348867
95419,0.427826,0.404176
95420,0.121236,0.348867
95421,0.584456,0.398796
95422,0.150521,0.881427
95423,0.88448,0.962778
95424,0.038163,0.529145
95425,0.172359,0.882251
95426,0.038163,0.529145
95427,0.121236,0.348867
95428,0.158235,0.84773
95429,0.121236,0.348867
95430,0.427826,0.404176
95431,0.880607,0.500302
95432,0.121236,0.348867
95433,0.880607,0.500302
95435,0.038163,0.529145
95436,0.038163,0.529145
95437,0.121236,0.348867
95439,0.038163,0.529145
95441,0.0791,0.876401
95442,0.038163,0.529145
95443,0.472257,0.539118
95444,0.038163,0.529145
95445,0.427826,0.404176
95446,0.427826,0.404176
95448,0.44105,0.979694
95449,0.038163,0.529145
95450,0.264715,0.817755
95451,0.645562,0.921995
95452,0.038163,0.529145
95453,0.724218,0.937307
95454,0.121236,0.348867
95456,0.121236,0.348867
95457,0.171934,0.948333
95458,0.038163,0.529145
95459,0.427826,0.404176
95460,0.121236,0.348867
95461,0.097985,0.889659
95462,0.427826,0.404176
95463,0.121236,0.348867
95464,0.475963,0.828799
95465,0.741502,0.827987
95466,0.038163,0.529145
95467,0.038163,0.529145
95468,0.427826,0.404176
95469,0.857235,0.779934
95470,0.5,0.863908
95471,0.427826,0.404176
95472,0.427826,0.404176
95473,0.038163,0.529145
95476,0.687895,0.896578
95480,0.427826,0.404176
95481,0.886798,0.599688
95482,0.54593,0.954081
95485,0.295223,0.935372
95486,0.427826,0.404176
95487,0.880607,0.500302
95488,0.406605,0.813288
95490,0.857235,0.779934
95492,0.038163,0.529145
95493,0.886798,0.599688
95494,0.038163,0.529145
95497,0.427826,0.404176
95501,0.676875,0.361929
95502,0.676875,0.361929
95503,0.676875,0.361929
95511,0.676875,0.361929
95514,0.676875,0.361929
95518,0.676875,0.361929
95519,0.676875,0.361929
95521,0.676875,0.361929
95524,0.676875,0.361929
95525,0.676875,0.361929
95526,0.331346,0.886977
95527,0.319011,0.789564
95528,0.676875,0.361929
95531,0.676875,0.361929
95532,0.676875,0.361929
95534,0.676875,0.361929
95536,0.676875,0.361929
95537,0.676875,0.361929
95538,0.676875,0.361929
95540,0.676875,0.361929
95542,0.853784,0.401006
95543,0.598115,0.524936
95545,0.676875,0.361929
95546,0.406605,0.765885
95547,0.676875,0.361929
95548,0.676875,0.361929
95549,0.676875,0.361929
95550,0.676875,0.361929
95551,0.676875,0.361929
95552,0.676875,0.361929
95553,0.676875,0.361929
95554,0.676875,0.361929
95555,0.676875,0.361929
95556,0.676875,0.361929
95558,0.828029,0.792899
95559,0.676875,0.361929
95560,0.676875,0.361929
95562,0.676875,0.361929
95563,0.319011,0.789564
95564,0.676875,0.361929
95565,0.676875,0.361929
95567,0.598115,0.524936
95568,0.676875,0.361929
95569,0.676875,0.361929
95570,0.676875,0.361929
95571,0.676875,0.361929
95573,0.227182,0.377458
95585,0.676875,0.361929
95587,0.676875,0.361929
95589,0.676875,0.361929
95595,0.282959,0.91981
95601,0.291034,0.417442
95602,0.253885,0.487648
95603,0.253885,0.487648
95604,0.253885,0.487648
95605,0.291034,0.417442
95606,0.150521,0.881427
95607,0.593097,0.950233
95608,0.291034,0.417442
95609,0.291034,0.417442
95610,0.291034,0.417442
95611,0.291034,0.417442
95612,0.291034,0.417442
95613,0.253885,0.487648
95614,0.831227,0.879648
95615,0.291034,0.417442
95616,0.291034,0.417442
95617,0.291034,0.417442
95618,0.291034,0.417442
95619,0.831227,0.879648
95620,0.038163,0.529145
95621,0.291034,0.417442
95623,0.460433,0.874622
95624,0.291034,0.417442
95625,0.038163,0.529145
95626,0.213763,0.805171
95627,0.150521,0.881427
95628,0.291034,0.417442
95629,0.667621,0.434661
95630,0.291034,0.417442
95631,0.708591,0.886427
95632,0.599625,0.865589
95633,0.209675,0.862935
95634,0.253885,0.487648
95635,0.831227,0.8459
95636,0.253885,0.487648
95637,0.150521,0.881427
95638,0.213763,0.846217
95639,0.291034,0.417442
95640,0.5,0.817408
95641,0.880607,0.500302
95642,0.59487,0.874948
95644,0.233581,0.684718
95645,0.253885,0.487648
95646,0.709925,0.734442
95648,0.414281,0.975217
95650,0.253885,0.487648
95651,0.253885,0.487648
95652,0.291034,0.417442
95653,0.038163,0.529145
95654,0.930886,0.476746
95655,0.291034,0.417442
95656,0.291034,0.417442
95658,0.253885,0.487648
95659,0.253885,0.487648
95660,0.291034,0.417442
95661,0.253885,0.487648
95662,0.291034,0.417442
95663,0.831227,0.8459
95664,0.908475,0.884046
95665,0.291034,0.417442
95666,0.291034,0.417442
95667,0.831227,0.879648
95668,0.484652,0.880498
95669,0.225569,0.868692
95670,0.291034,0.417442
95671,0.253885,0.487648
95672,0.253885,0.487648
95673,0.291034,0.417442
95674,0.253885,0.487648
95675,0.291034,0.417442
95676,0.253885,0.487648
95677,0.253885,0.487648
95678,0.253885,0.487648
95679,0.994329,0.903477
95680,0.291034,0.417442
95681,0.209675,0.862935
95682,0.773293,0.933361
95683,0.752167,0.847262
95684,0.253885,0.487648
95685,0.291034,0.417442
95686,0.291034,0.417442
95687,0.038163,0.529145
95688,0.838601,0.921028
95689,0.291034,0.417442
95690,0.291034,0.417442
95691,0.291034,0.417442
95692,0.831227,0.879648
95693,0.659769,0.825781
95694,0.128986,0.933822
95695,0.291034,0.417442
95696,0.038163,0.529145
95697,0.291034,0.417442
95698,0.291034,0.417442
95699,0.291034,0.417442
95701,0.253885,0.487648
95703,0.253885,0.487648
95709,0.831227,0.8459
95712,0.253885,0.487648
95713,0.253885,0.487648
95714,0.253885,0.487648
95715,0.760855,0.895329
95717,0.253885,0.487648
95720,0.057546,0.943431
95721,0.233581,0.684718
95722,0.253885,0.487648
95724,0.233581,0.684718
95726,0.253885,0.487648
95728,0.233581,0.684718
95735,0.233581,0.684718
95736,0.253885,0.487648
95741,0.291034,0.417442
95742,0.752167,0.847262
95746,0.253885,0.487648
95747,0.798982,0.986905
95757,0.291034,0.417442
95758,0.291034,0.417442
95759,0.291034,0.417442
95762,0.911536,0.513472
95763,0.291034,0.417442
95765,0.209675,0.862935
95776,0.291034,0.417442
95798,0.291034,0.417442
95799,0.291034,0.417442
95811,0.291034,0.417442
95812,0.291034,0.417442
95813,0.291034,0.417442
95814,0.291034,0.417442
95815,0.291034,0.417442
95816,0.291034,0.417442
95817,0.291034,0.417442
95818,0.291034,0.417442
95819,0.291034,0.417442
95820,0.291034,0.417442
95821,0.291034,0.417442
95822,0.291034,0.417442
95823,0.291034,0.417442
95824,0.291034,0.417442
95825,0.291034,0.417442
95826,0.291034,0.417442
95827,0.291034,0.417442
95828,0.291034,0.417442
95829,0.291034,0.417442
95830,0.291034,0.417442
95831,0.291034,0.417442
95832,0.291034,0.417442
95833,0.291034,0.417442
95834,0.291034,0.417442
95835,0.291034,0.417442
95836,0.291034,0.417442
95837,0.291034,0.417442
95838,0.291034,0.417442
95840,0.291034,0.417442
95841,0.291034,0.417442
95842,0.291034,0.417442
95843,0.291034,0.417442
95851,0.291034,0.417442
95852,0.291034,0.417442
95853,0.291034,0.417442
95860,0.291034,0.417442
95864,0.291034,0.417442
95865,0.291034,0.417442
95866,0.291034,0.417442
95867,0.291034,0.417442
95894,0.291034,0.417442
95899,0.291034,0.417442
95901,0.507105,0.983973
95903,0.88656,0.917786
95910,0.475963,0.828799
95912,0.253885,0.487648
95913,0.886798,0.599688
95914,0.475963,0.828799
95915,0.886798,0.599688
95916,0.475963,0.828799
95917,0.475963,0.828799
95918,0.829181,0.955021
95919,0.490042,0.909217
95920,0.240764,0.973805
95922,0.16339,0.969718
95923,0.475963,0.828799
95924,0.253885,0.487648
95925,0.475963,0.828799
95926,0.886798,0.599688
95927,0.886798,0.599688
95928,0.334627,0.896264
95929,0.886798,0.599688
95930,0.475963,0.828799
95932,0.475963,0.828799
95934,0.886798,0.599688
95935,0.475963,0.828799
95936,0.475963,0.828799
95937,0.150521,0.881427
95938,0.334627,0.896264
95939,0.384001,0.910002
95940,0.475963,0.828799
95941,0.475963,0.828799
95942,0.886798,0.599688
95943,0.886798,0.599688
95944,0.475963,0.828799
95945,0.956028,0.514497
95946,0.253885,0.487648
95947,0.801458,0.908335
95948,0.475963,0.828799
95949,0.292975,0.859389
95950,0.253885,0.487648
95951,0.886798,0.599688
95953,0.240764,0.973805
95954,0.643804,0.97942
95955,0.240764,0.973805
95956,0.475963,0.828799
95957,0.253885,0.487648
95958,0.475963,0.828799
95959,0.209675,0.862935
95960,0.253885,0.487648
95961,0.872345,0.559512
95962,0.475963,0.828799
95963,0.801458,0.908335
95965,0.56732,0.994794
95966,0.863379,0.996132
95967,0.886798,0.599688
95968,0.475963,0.828799
95969,0.886798,0.599688
95970,0.475963,0.828799
95971,0.240764,0.973805
95972,0.475963,0.828799
95973,0.332156,0.639814
95974,0.475963,0.828799
95975,0.253885,0.487648
95976,0.886798,0.599688
95977,0.829181,0.940991
95978,0.886798,0.599688
95979,0.658094,0.930074
95980,0.886798,0.599688
95981,0.475963,0.828799
95982,0.480803,0.970305
95983,0.16339,0.969718
95984,0.334627,0.920025
95986,0.253885,0.487648
95987,0.586894,0.982938
95988,0.258931,0.943611
95991,0.956028,0.514497
95992,0.253885,0.487648
95993,0.161434,0.50406
96001,0.604958,0.822478
96002,0.972426,0.327358
96003,0.953896,0.802843
96006,0.972426,0.327358
96007,0.539089,0.96849
96008,0.972426,0.327358
96009,0.152168,0.737315
96010,0.573917,0.880397
96011,0.972426,0.327358
96013,0.152168,0.737315
96014,0.165795,0.852941
96015,0.911974,0.76398
96016,0.972426,0.327358
96017,0.972426,0.327358
96019,0.972426,0.327358
96020,0.886798,0.599688
96021,0.41237,0.849289
96022,0.413011,0.857034
96023,0.865699,0.857222
96024,0.638105,0.790247
96025,0.152168,0.788908
96027,0.944046,0.916311
96028,0.152168,0.737315
96029,0.121236,0.348867
96031,0.529873,0.780112
96032,0.935291,0.984929
96033,0.152168,0.737315
96034,0.598115,0.524936
96035,0.785956,0.379588
96037,0.598115,0.524936
96038,0.490359,0.864367
96039,0.175239,0.902391
96040,0.972426,0.327358
96041,0.972426,0.327358
96044,0.887149,0.960487
96046,0.406605,0.765885
96047,0.833869,0.962232
96048,0.297657,0.853614
96049,0.972426,0.327358
96050,0.770763,0.935353
96051,0.72491,0.904125
96052,0.972426,0.327358
96054,0.638105,0.833788
96055,0.121236,0.348867
96056,0.912926,0.766621
96057,0.448753,0.792365
96058,0.290686,0.895243
96059,0.485261,0.341467
96061,0.786295,0.755506
96062,0.939708,0.900146
96063,0.121236,0.348867
96064,0.582377,0.995082
96065,0.483845,0.812067
96067,0.972426,0.327358
96068,0.972426,0.327358
96069,0.30165,0.727217
96070,0.972426,0.327358
96071,0.972426,0.327358
96073,0.152168,0.788908
96074,0.857235,0.779934
96075,0.786295,0.755506
96076,0.413011,0.857034
96078,0.121236,0.348867
96079,0.972426,0.327358
96080,0.369546,0.950024
96084,0.152168,0.737315
96085,0.598115,0.524936
96086,0.688153,0.879651
96087,0.25793,0.358434
96088,0.59694,0.76299
96089,0.972426,0.327358
96090,0.121236,0.348867
96091,0.862969,0.902594
96092,0.886798,0.599688
96093,0.972426,0.327358
96094,0.461677,0.749407
96095,0.972426,0.327358
96096,0.59694,0.76299
96097,0.286888,0.983472
96099,0.972426,0.327358
96101,0.424943,0.93145
96103,0.233581,0.684718
96104,0.129842,0.796727
96105,0.933492,0.987903
96106,0.233581,0.684718
96107,0.057546,0.943431
96108,0.972426,0.327358
96109,0.655389,0.968041
96110,0.307056,0.957636
96111,0.233581,0.684718
96112,0.484284,0.873553
96113,0.233581,0.684718
96114,0.057546,0.926065
96115,0.774339,0.827418
96116,0.152168,0.737315
96117,0.680183,0.97609
96118,0.019335,0.93492
96119,0.972426,0.327358
96120,0.743967,0.966765
96121,0.233581,0.684718
96122,0.890491,0.957238
96123,0.894411,0.987659
96124,0.233581,0.684718
96125,0.233581,0.684718
96126,0.233581,0.684718
96127,0.886798,0.599688
96128,0.233581,0.684718
96129,0.132943,0.718649
96130,0.259115,0.997221
96132,0.152168,0.737315
96133,0.233581,0.684718
96134,0.250782,0.931699
96135,0.233581,0.684718
96136,0.678704,0.950696
96137,0.021105,0.668835
96140,0.233581,0.684718
96141,0.233581,0.684718
96142,0.233581,0.684718
96143,0.233581,0.684718
96145,0.233581,0.684718
96146,0.233581,0.684718
96148,0.233581,0.684718
96150,0.233581,0.684718
96151,0.233581,0.684718
96152,0.233581,0.684718
96154,0.233581,0.684718
96155,0.233581,0.684718
96156,0.233581,0.684718
96157,0.233581,0.684718
96158,0.233581,0.684718
96160,0.233581,0.684718
96161,0.233581,0.684718
96162,0.233581,0.684718
