ZIP,wildfire_risk_prob
90001,0.833797
90002,0.833797
90003,0.833797
90004,0.096505
90005,0.833797
90006,0.833797
90007,0.833797
90008,0.833797
90009,0.833797
90010,0.833797
90011,0.833797
90012,0.096505
90013,0.833797
90014,0.833797
90015,0.833797
90016,0.833797
90017,0.833797
90018,0.833797
90019,0.833797
90020,0.096505
90021,0.833797
90022,0.191011
90023,0.833797
90024,0.833797
90025,0.833797
90026,0.096505
90027,0.096505
90028,0.096505
90029,0.096505
90030,0.833797
90031,0.096505
90032,0.096505
90033,0.833797
90034,0.833797
90035,0.833797
90036,0.096505
90037,0.833797
90038,0.096505
90039,0.096505
90040,0.191011
90041,0.096505
90042,0.096505
90043,0.833797
90044,0.833797
90045,0.833797
90046,0.30777
90047,0.833797
90048,0.096505
90049,0.824622
90050,0.833797
90051,0.833797
90052,0.833797
90053,0.833797
90054,0.833797
90055,0.833797
90056,0.833797
90057,0.833797
90058,0.833797
90059,0.833797
90060,0.833797
90061,0.833797
90062,0.833797
90063,0.833797
90064,0.833797
90065,0.096505
90066,0.833797
90067,0.833797
90068,0.30777
90069,0.096505
90070,0.833797
90071,0.833797
90072,0.833797
90073,0.191011
90074,0.833797
90075,0.833797
90076,0.833797
90077,0.096505
90078,0.833797
90079,0.191011
90080,0.833797
90081,0.833797
90082,0.833797
90083,0.833797
90084,0.833797
90086,0.833797
90087,0.833797
90088,0.833797
90089,0.191011
90090,0.096505
90091,0.833797
90093,0.833797
90094,0.833797
90095,0.191011
90096,0.833797
90099,0.833797
90134,0.833797
90189,0.833797
90201,0.191011
90202,0.191011
90209,0.096505
90210,0.096505
90211,0.833797
90212,0.833797
90213,0.096505
90220,0.191011
90221,0.191011
90222,0.191011
90223,0.191011
90224,0.191011
90230,0.833797
90231,0.833797
90232,0.833797
90233,0.833797
90239,0.191011
90240,0.191011
90241,0.191011
90242,0.191011
90245,0.833797
90247,0.833797
90248,0.833797
90249,0.833797
90250,0.833797
90251,0.833797
90254,0.833797
90255,0.833797
90260,0.833797
90261,0.833797
90262,0.191011
90263,0.705889
90264,0.705889
90265,0.6606
90266,0.833797
90267,0.191011
90270,0.833797
90272,0.194557
90274,0.833797
90275,0.833797
90277,0.833797
90278,0.833797
90280,0.191011
90290,0.860013
90291,0.833797
90292,0.833797
90293,0.833797
90294,0.833797
90295,0.191011
90296,0.191011
90301,0.833797
90302,0.833797
90303,0.833797
90304,0.833797
90305,0.833797
90306,0.833797
90307,0.191011
90308,0.833797
90309,0.191011
90310,0.191011
90311,0.833797
90312,0.833797
90401,0.833797
90402,0.833797
90403,0.833797
90404,0.833797
90405,0.833797
90406,0.833797
90407,0.833797
90408,0.833797
90409,0.833797
90410,0.833797
90411,0.833797
90501,0.833797
90502,0.191011
90503,0.833797
90504,0.833797
90505,0.833797
90506,0.191011
90507,0.191011
90508,0.191011
90509,0.191011
90510,0.191011
90601,0.506595
90602,0.455913
90603,0.191011
90604,0.191011
90605,0.191011
90606,0.191011
90607,0.191011
90608,0.191011
90609,0.191011
90610,0.191011
90620,0.191011
90621,0.191011
90622,0.191011
90623,0.191011
90624,0.191011
90630,0.191011
90631,0.506595
90632,0.191011
90633,0.191011
90637,0.191011
90638,0.191011
90639,0.191011
90640,0.191011
90650,0.191011
90651,0.191011
90652,0.191011
90660,0.191011
90661,0.191011
90662,0.191011
90670,0.191011
90671,0.191011
90680,0.191011
90701,0.191011
90702,0.191011
90703,0.191011
90704,0.678731
90706,0.191011
90707,0.191011
90710,0.191011
90711,0.191011
90712,0.191011
90713,0.191011
90714,0.191011
90715,0.191011
90716,0.191011
90717,0.191011
90720,0.191011
90721,0.191011
90723,0.191011
90731,0.191011
90732,0.191011
90733,0.191011
90734,0.191011
90740,0.191011
90742,0.191011
90743,0.191011
90744,0.191011
90745,0.191011
90746,0.191011
90747,0.191011
90748,0.191011
90749,0.191011
90755,0.191011
90801,0.191011
90802,0.191011
90803,0.191011
90804,0.191011
90805,0.191011
90806,0.191011
90807,0.191011
90808,0.191011
90809,0.191011
90810,0.191011
90813,0.191011
90814,0.191011
90815,0.191011
90822,0.191011
90831,0.191011
90832,0.191011
90833,0.191011
90834,0.191011
90835,0.191011
90840,0.191011
90842,0.191011
90844,0.191011
90846,0.191011
90847,0.191011
90848,0.191011
90853,0.191011
90895,0.191011
90899,0.191011
91001,0.096505
91003,0.096505
91006,0.096505
91007,0.096505
91008,0.096505
91009,0.096505
91010,0.096505
91011,0.096505
91012,0.096505
91016,0.096505
91017,0.096505
91020,0.096505
91021,0.096505
91023,0.096505
91024,0.096505
91025,0.096505
91030,0.096505
91031,0.096505
91040,0.096505
91041,0.096505
91042,0.096505
91043,0.096505
91046,0.096505
91066,0.096505
91077,0.096505
91101,0.096505
91102,0.096505
91103,0.096505
91104,0.096505
91105,0.096505
91106,0.096505
91107,0.096505
91108,0.096505
91109,0.096505
91110,0.096505
91114,0.096505
91115,0.096505
91116,0.096505
91117,0.096505
91118,0.096505
91121,0.096505
91123,0.096505
91124,0.096505
91125,0.096505
91126,0.096505
91129,0.096505
91182,0.096505
91184,0.096505
91185,0.096505
91188,0.096505
91189,0.096505
91199,0.096505
91201,0.096505
91202,0.096505
91203,0.096505
91204,0.096505
91205,0.096505
91206,0.096505
91207,0.096505
91208,0.096505
91209,0.096505
91210,0.096505
91214,0.096505
91221,0.096505
91222,0.096505
91224,0.096505
91225,0.096505
91226,0.096505
91301,0.866426
91302,0.663722
91303,0.096505
91304,0.096505
91305,0.096505
91306,0.096505
91307,0.096505
91308,0.096505
91309,0.096505
91310,0.01856
91311,0.230004
91313,0.096505
91316,0.096505
91319,0.705889
91320,0.42464
91321,0.913591
91322,0.096505
91324,0.096505
91325,0.096505
91326,0.096505
91327,0.096505
91328,0.096505
91329,0.096505
91330,0.096505
91331,0.096505
91333,0.096505
91334,0.096505
91335,0.096505
91337,0.096505
91340,0.096505
91341,0.096505
91342,0.096505
91343,0.096505
91344,0.30777
91345,0.096505
91346,0.096505
91350,0.096505
91351,0.096505
91352,0.096505
91353,0.096505
91354,0.096505
91355,0.646907
91356,0.096505
91357,0.096505
91358,0.705889
91359,0.705889
91360,0.663274
91361,0.297632
91362,0.241263
91364,0.74184
91365,0.096505
91367,0.096505
91371,0.096505
91372,0.096505
91376,0.705889
91377,0.663274
91380,0.096505
91381,0.702637
91382,0.096505
91383,0.096505
91384,0.745873
91385,0.096505
91386,0.096505
91387,0.30777
91390,0.138723
91392,0.096505
91393,0.096505
91394,0.096505
91395,0.096505
91396,0.096505
91401,0.096505
91402,0.096505
91403,0.096505
91404,0.096505
91405,0.096505
91406,0.096505
91407,0.096505
91408,0.096505
91409,0.096505
91410,0.096505
91411,0.096505
91412,0.096505
91413,0.096505
91416,0.096505
91423,0.096505
91426,0.096505
91436,0.096505
91470,0.096505
91482,0.096505
91495,0.096505
91496,0.096505
91499,0.096505
91501,0.096505
91502,0.096505
91503,0.096505
91504,0.096505
91505,0.096505
91506,0.096505
91507,0.096505
91508,0.096505
91510,0.096505
91521,0.096505
91522,0.096505
91523,0.096505
91526,0.096505
91601,0.096505
91602,0.096505
91603,0.096505
91604,0.096505
91605,0.096505
91606,0.096505
91607,0.096505
91608,0.096505
91609,0.096505
91610,0.191011
91611,0.096505
91612,0.096505
91614,0.096505
91615,0.096505
91616,0.096505
91617,0.096505
91618,0.096505
91701,0.457499
91702,0.191011
91706,0.191011
91708,0.457499
91709,0.506595
91710,0.457499
91711,0.457499
91714,0.191011
91715,0.191011
91716,0.191011
91722,0.191011
91723,0.191011
91724,0.191011
91729,0.457499
91730,0.457499
91731,0.191011
91732,0.191011
91733,0.191011
91734,0.191011
91735,0.191011
91737,0.457499
91739,0.457499
91740,0.191011
91741,0.175042
91743,0.457499
91744,0.191011
91745,0.801038
91746,0.191011
91747,0.191011
91748,0.983602
91749,0.191011
91750,0.191011
91752,0.457499
91754,0.191011
91755,0.191011
91756,0.096505
91758,0.457499
91759,0.468797
91761,0.457499
91762,0.457499
91763,0.457499
91764,0.457499
91765,0.175042
91766,0.191011
91767,0.191011
91768,0.191011
91769,0.191011
91770,0.191011
91771,0.096505
91772,0.096505
91773,0.652768
91775,0.096505
91776,0.096505
91778,0.096505
91780,0.096505
91784,0.457499
91785,0.457499
91786,0.457499
91788,0.191011
91789,0.191011
91790,0.191011
91791,0.191011
91792,0.191011
91793,0.191011
91801,0.096505
91802,0.096505
91803,0.096505
91804,0.096505
91896,0.096505
91899,0.096505
91901,0.72136
91902,0.414465
91903,0.113502
91905,0.291857
91906,0.747114
91908,0.962313
91909,0.962313
91910,0.962313
91911,0.962313
91912,0.962313
91913,0.962313
91914,0.747114
91915,0.962313
91916,0.370159
91917,0.628288
91921,0.962313
91931,0.113502
91932,0.962313
91933,0.962313
91934,0.192966
91935,0.122092
91941,0.962313
91942,0.113502
91943,0.962313
91944,0.962313
91945,0.962313
91946,0.962313
91948,0.113502
91950,0.962313
91951,0.962313
91962,0.113502
91963,0.962313
91976,0.962313
91977,0.962313
91978,0.355777
91979,0.962313
91980,0.962313
91987,0.962313
92003,0.113502
92004,0.192966
92007,0.113502
92008,0.113502
92009,0.113502
92010,0.113502
92011,0.113502
92013,0.113502
92014,0.113502
92018,0.113502
92019,0.303675
92020,0.113502
92021,0.113502
92022,0.113502
92023,0.113502
92024,0.113502
92025,0.113502
92026,0.113502
92027,0.579859
92028,0.73635
92029,0.113502
92030,0.113502
92033,0.113502
92036,0.056315
92037,0.113502
92038,0.113502
92039,0.113502
92040,0.835219
92046,0.113502
92049,0.113502
92051,0.113502
92052,0.113502
92054,0.113502
92055,0.629617
92056,0.113502
92057,0.113502
92058,0.531514
92059,0.835219
92060,0.113502
92061,0.125712
92064,0.113502
92065,0.554242
92066,0.113502
92067,0.113502
92068,0.113502
92069,0.113502
92070,0.266966
92071,0.113502
92072,0.113502
92074,0.113502
92075,0.113502
92078,0.113502
92079,0.113502
92081,0.113502
92082,0.629617
92083,0.113502
92084,0.113502
92085,0.113502
92086,0.895554
92088,0.113502
92091,0.113502
92092,0.113502
92093,0.113502
92096,0.113502
92101,0.962313
92102,0.962313
92103,0.962313
92104,0.962313
92105,0.962313
92106,0.962313
92107,0.962313
92108,0.962313
92109,0.962313
92110,0.962313
92111,0.962313
92112,0.962313
92113,0.962313
92114,0.962313
92115,0.962313
92116,0.962313
92117,0.113502
92118,0.962313
92119,0.113502
92120,0.113502
92121,0.113502
92122,0.113502
92123,0.113502
92124,0.113502
92126,0.113502
92127,0.113502
92128,0.113502
92129,0.113502
92130,0.113502
92131,0.113502
92132,0.962313
92134,0.962313
92135,0.962313
92136,0.962313
92137,0.113502
92138,0.962313
92139,0.962313
92140,0.962313
92142,0.962313
92143,0.113502
92145,0.113502
92147,0.962313
92149,0.962313
92150,0.962313
92152,0.962313
92153,0.962313
92154,0.462427
92155,0.962313
92158,0.962313
92159,0.962313
92160,0.962313
92161,0.113502
92163,0.962313
92165,0.962313
92166,0.962313
92167,0.962313
92168,0.962313
92169,0.962313
92170,0.962313
92171,0.962313
92172,0.962313
92173,0.962313
92174,0.962313
92175,0.962313
92176,0.962313
92177,0.962313
92178,0.962313
92179,0.962313
92182,0.962313
92186,0.962313
92187,0.962313
92190,0.962313
92191,0.962313
92192,0.962313
92193,0.962313
92195,0.962313
92196,0.962313
92197,0.962313
92198,0.962313
92199,0.962313
92201,0.616955
92202,0.616955
92203,0.616955
92210,0.616955
92211,0.616955
92220,0.658981
92222,0.192966
92223,0.457499
92225,0.431592
92226,0.192966
92227,0.291857
92230,0.457499
92231,0.621858
92232,0.192966
92233,0.192966
92234,0.616955
92235,0.616955
92236,0.616955
92239,0.616955
92240,0.616955
92241,0.616955
92242,0.431592
92243,0.192966
92244,0.192966
92247,0.616955
92248,0.616955
92249,0.192966
92250,0.016965
92251,0.192966
92252,0.616955
92253,0.616955
92254,0.940156
92255,0.616955
92256,0.616955
92257,0.444533
92258,0.616955
92259,0.475264
92260,0.616955
92261,0.616955
92262,0.811042
92263,0.457499
92264,0.811042
92266,0.192966
92267,0.801895
92268,0.616955
92270,0.616955
92273,0.192966
92274,0.940156
92275,0.192966
92276,0.616955
92277,0.616955
92278,0.616955
92280,0.431592
92281,0.192966
92282,0.550163
92283,0.192966
92284,0.616955
92285,0.616955
92286,0.616955
92301,0.098621
92304,0.616955
92305,0.457499
92307,0.063455
92308,0.457499
92309,0.460426
92310,0.460426
92311,0.460426
92312,0.460426
92313,0.457499
92314,0.457499
92315,0.457499
92316,0.457499
92317,0.457499
92318,0.457499
92320,0.350486
92321,0.457499
92322,0.457499
92323,0.431592
92324,0.457499
92325,0.457499
92327,0.460426
92328,0.436899
92329,0.068706
92331,0.457499
92332,0.801985
92333,0.457499
92334,0.457499
92335,0.457499
92336,0.928405
92337,0.457499
92338,0.616955
92339,0.915731
92340,0.457499
92341,0.457499
92342,0.098621
92344,0.707291
92345,0.457499
92346,0.791759
92347,0.460426
92350,0.457499
92352,0.457499
92354,0.457499
92356,0.928405
92357,0.457499
92358,0.940911
92359,0.550163
92363,0.431592
92364,0.918031
92365,0.460426
92366,0.505423
92368,0.098621
92369,0.457499
92371,0.068706
92372,0.068706
92373,0.928405
92374,0.457499
92375,0.457499
92376,0.457499
92377,0.457499
92378,0.457499
92382,0.915731
92384,0.436899
92385,0.457499
92386,0.457499
92389,0.55874
92391,0.457499
92392,0.068706
92393,0.098621
92394,0.098621
92395,0.457499
92397,0.068706
92398,0.460426
92399,0.457499
92401,0.457499
92402,0.457499
92403,0.457499
92404,0.562914
92405,0.457499
92406,0.457499
92407,0.354568
92408,0.457499
92410,0.457499
92411,0.457499
92413,0.457499
92415,0.457499
92418,0.457499
92423,0.457499
92427,0.457499
92501,0.457499
92502,0.457499
92503,0.928405
92504,0.457499
92505,0.457499
92506,0.457499
92507,0.457499
92508,0.457499
92509,0.871493
92513,0.457499
92514,0.457499
92515,0.457499
92516,0.457499
92517,0.457499
92518,0.457499
92519,0.457499
92521,0.457499
92522,0.457499
92530,0.928405
92531,0.457499
92532,0.457499
92536,0.457499
92539,0.899388
92543,0.707291
92544,0.931096
92545,0.457499
92546,0.457499
92548,0.457499
92549,0.530669
92551,0.457499
92552,0.457499
92553,0.457499
92554,0.457499
92555,0.915731
92556,0.457499
92557,0.457499
92561,0.36112
92562,0.468797
92563,0.457499
92564,0.457499
92567,0.457499
92570,0.350486
92571,0.457499
92572,0.457499
92581,0.457499
92582,0.350486
92583,0.915731
92584,0.457499
92585,0.457499
92586,0.457499
92587,0.457499
92589,0.457499
92590,0.457499
92591,0.457499
92592,0.457499
92593,0.457499
92595,0.457499
92596,0.350486
92599,0.457499
92602,0.983602
92603,0.285144
92604,0.191011
92605,0.191011
92606,0.191011
92607,0.191011
92609,0.191011
92610,0.457499
92612,0.768739
92614,0.191011
92615,0.191011
92616,0.191011
92617,0.191011
92618,0.09208
92619,0.191011
92620,0.191011
92623,0.191011
92624,0.191011
92625,0.191011
92626,0.191011
92627,0.768739
92628,0.191011
92629,0.191011
92630,0.474924
92637,0.191011
92646,0.191011
92647,0.191011
92648,0.191011
92649,0.191011
92650,0.191011
92651,0.785693
92652,0.191011
92653,0.950321
92654,0.191011
92655,0.191011
92656,0.474924
92657,0.191011
92658,0.191011
92659,0.191011
92660,0.191011
92661,0.191011
92662,0.191011
92663,0.191011
92672,0.723501
92673,0.350486
92674,0.457499
92675,0.983602
92676,0.199541
92677,0.191011
92678,0.871493
92679,0.915731
92683,0.191011
92684,0.191011
92685,0.191011
92688,0.457499
92690,0.457499
92691,0.457499
92692,0.457499
92693,0.191011
92694,0.163474
92697,0.191011
92698,0.191011
92701,0.191011
92702,0.191011
92703,0.191011
92704,0.191011
92705,0.191011
92706,0.191011
92707,0.191011
92708,0.191011
92711,0.191011
92712,0.191011
92728,0.191011
92735,0.191011
92780,0.191011
92781,0.191011
92782,0.191011
92799,0.191011
92801,0.191011
92802,0.191011
92803,0.191011
92804,0.191011
92805,0.191011
92806,0.191011
92807,0.191011
92808,0.191011
92809,0.191011
92811,0.191011
92812,0.191011
92814,0.191011
92815,0.191011
92816,0.191011
92817,0.191011
92821,0.109917
92822,0.191011
92823,0.191011
92825,0.191011
92831,0.191011
92832,0.191011
92833,0.191011
92834,0.191011
92835,0.191011
92836,0.191011
92837,0.191011
92838,0.191011
92840,0.191011
92841,0.191011
92842,0.191011
92843,0.191011
92844,0.191011
92845,0.191011
92846,0.191011
92850,0.191011
92856,0.191011
92857,0.191011
92859,0.191011
92860,0.457499
92861,0.191011
92862,0.191011
92863,0.191011
92864,0.191011
92865,0.191011
92866,0.191011
92867,0.506595
92868,0.191011
92869,0.558267
92870,0.191011
92871,0.191011
92877,0.457499
92878,0.457499
92879,0.457499
92880,0.915731
92881,0.875727
92882,0.457499
92883,0.350486
92885,0.191011
92886,0.191011
92887,0.474924
92899,0.191011
93001,0.247224
93002,0.705889
93003,0.593411
93004,0.663274
93005,0.705889
93006,0.705889
93007,0.705889
93009,0.705889
93010,0.705889
93011,0.705889
93012,0.593411
93013,0.379305
93014,0.379305
93015,0.623242
93016,0.705889
93020,0.705889
93021,0.756602
93022,0.705889
93023,0.361267
93024,0.705889
93030,0.663274
93031,0.705889
93032,0.705889
93033,0.705889
93034,0.705889
93035,0.663274
93036,0.121113
93040,0.759871
93041,0.273948
93042,0.705889
93043,0.705889
93044,0.705889
93060,0.613532
93061,0.705889
93062,0.705889
93063,0.910304
93064,0.096505
93065,0.46208
93066,0.273948
93067,0.379305
93094,0.705889
93099,0.705889
93101,0.379305
93102,0.379305
93103,0.379305
93105,0.54622
93106,0.379305
93107,0.379305
93108,0.379305
93109,0.379305
93110,0.598716
93111,0.379305
93116,0.379305
93117,0.361934
93118,0.379305
93120,0.379305
93121,0.379305
93130,0.379305
93140,0.379305
93150,0.379305
93160,0.379305
93190,0.379305
93199,0.379305
93201,0.906951
93202,0.447682
93203,0.907193
93204,0.671499
93205,0.628724
93206,0.906951
93207,0.906951
93208,0.906951
93210,0.360476
93212,0.447682
93215,0.628724
93216,0.906951
93218,0.906951
93219,0.051424
93220,0.618536
93221,0.447682
93222,0.5
93223,0.447682
93224,0.906951
93225,0.578551
93226,0.906951
93227,0.447682
93230,0.447682
93232,0.447682
93234,0.447682
93235,0.03587
93237,0.03587
93238,0.618536
93239,0.818924
93240,0.226558
93241,0.906951
93242,0.447682
93243,0.162506
93244,0.03587
93245,0.447682
93246,0.447682
93247,0.447682
93249,0.348277
93250,0.618536
93251,0.906951
93252,0.898481
93254,0.824184
93255,0.474078
93256,0.906951
93257,0.981432
93258,0.906951
93260,0.906951
93261,0.906951
93262,0.530328
93263,0.906951
93265,0.72489
93266,0.447682
93267,0.906951
93268,0.300978
93270,0.906951
93271,0.316988
93272,0.447682
93274,0.447682
93275,0.447682
93276,0.906951
93277,0.447682
93278,0.447682
93279,0.447682
93280,0.482262
93282,0.447682
93283,0.200049
93285,0.588332
93286,0.03587
93287,0.906951
93290,0.447682
93291,0.447682
93292,0.447682
93301,0.916773
93302,0.906951
93303,0.906951
93304,0.906951
93305,0.906951
93306,0.545446
93307,0.906951
93308,0.797627
93309,0.906951
93311,0.817982
93312,0.906951
93313,0.906951
93314,0.906951
93380,0.906951
93383,0.906951
93384,0.906951
93385,0.906951
93386,0.906951
93387,0.906951
93388,0.906951
93389,0.906951
93390,0.906951
93401,0.231983
93402,0.136389
93403,0.136389
93405,0.27992
93406,0.136389
93407,0.136389
93408,0.136389
93409,0.136389
93410,0.5
93412,0.136389
93420,0.751051
93421,0.136389
93422,0.136389
93423,0.136389
93424,0.136389
93426,0.647971
93427,0.689613
93428,0.5
93429,0.136389
93430,0.425606
93432,0.830536
93433,0.136389
93434,0.136389
93435,0.136389
93436,0.877886
93437,0.716881
93438,0.716881
93440,0.329734
93441,0.379305
93442,0.5
93443,0.136389
93444,0.765142
93445,0.136389
93446,0.758263
93447,0.447682
93448,0.136389
93449,0.824184
93450,0.365227
93451,0.337372
93452,0.136389
93453,0.077127
93454,0.471942
93455,0.695887
93456,0.136389
93457,0.136389
93458,0.136389
93460,0.132908
93461,0.561109
93463,0.808545
93464,0.379305
93465,0.494741
93475,0.136389
93483,0.136389
93501,0.061126
93502,0.098621
93504,0.098621
93505,0.098621
93510,0.337484
93512,0.793141
93513,0.167986
93514,0.883531
93515,0.793141
93516,0.098621
93517,0.834052
93518,0.348127
93519,0.098621
93522,0.793141
93523,0.098621
93524,0.098621
93526,0.793141
93527,0.098621
93528,0.098621
93529,0.793141
93530,0.793141
93531,0.618536
93532,0.5
93534,0.068706
93535,0.068706
93536,0.385437
93539,0.068706
93541,0.221479
93542,0.098621
93543,0.459712
93544,0.232956
93545,0.146871
93546,0.596469
93549,0.531199
93550,0.678656
93551,0.808267
93552,0.068706
93553,0.068706
93554,0.098621
93555,0.098621
93556,0.098621
93558,0.098621
93560,0.068706
93561,0.771849
93562,0.460426
93563,0.584101
93581,0.01856
93584,0.068706
93586,0.068706
93590,0.068706
93591,0.068706
93592,0.460426
93596,0.098621
93599,0.068706
93601,0.03587
93602,0.928637
93603,0.708258
93604,0.03587
93605,0.90524
93606,0.03587
93607,0.03587
93608,0.447682
93609,0.447682
93610,0.03587
93611,0.03587
93612,0.03587
93613,0.03587
93614,0.03587
93615,0.03587
93616,0.03587
93618,0.03587
93619,0.949368
93620,0.03587
93621,0.316988
93622,0.576397
93623,0.03587
93624,0.447682
93625,0.03587
93626,0.928637
93627,0.447682
93628,0.03587
93630,0.03587
93631,0.03587
93633,0.03587
93634,0.085888
93635,0.203578
93636,0.03587
93637,0.03587
93638,0.03587
93639,0.03587
93640,0.447682
93641,0.316988
93642,0.793141
93643,0.28151
93644,0.90524
93645,0.03587
93646,0.03587
93647,0.316988
93648,0.03587
93649,0.03587
93650,0.03587
93651,0.90524
93652,0.03587
93653,0.916203
93654,0.49275
93656,0.447682
93657,0.596431
93660,0.447682
93661,0.03587
93662,0.03587
93664,0.03587
93665,0.03587
93666,0.03587
93667,0.614498
93668,0.447682
93669,0.03587
93670,0.03587
93673,0.03587
93675,0.30854
93701,0.03587
93702,0.03587
93703,0.03587
93704,0.03587
93705,0.03587
93706,0.03587
93707,0.03587
93708,0.03587
93709,0.03587
93710,0.03587
93711,0.03587
93712,0.03587
93714,0.03587
93715,0.03587
93716,0.03587
93717,0.03587
93718,0.03587
93720,0.03587
93721,0.03587
93722,0.03587
93723,0.03587
93724,0.03587
93725,0.03587
93726,0.03587
93727,0.03587
93728,0.03587
93729,0.03587
93730,0.03587
93737,0.03587
93740,0.03587
93741,0.03587
93744,0.03587
93745,0.03587
93747,0.03587
93750,0.03587
93755,0.03587
93760,0.03587
93761,0.03587
93764,0.03587
93765,0.03587
93771,0.03587
93772,0.03587
93773,0.03587
93774,0.03587
93775,0.03587
93776,0.03587
93777,0.03587
93778,0.03587
93779,0.03587
93786,0.03587
93790,0.03587
93791,0.03587
93792,0.03587
93793,0.03587
93794,0.03587
93844,0.03587
93888,0.03587
93901,0.137249
93902,0.137249
93905,0.137249
93906,0.137249
93907,0.907056
93908,0.927094
93912,0.137249
93915,0.137249
93920,0.757136
93921,0.489702
93922,0.489702
93923,0.489702
93924,0.716096
93925,0.137249
93926,0.732119
93927,0.137249
93928,0.732119
93930,0.491102
93932,0.907056
93933,0.489702
93940,0.489702
93942,0.489702
93943,0.489702
93944,0.489702
93950,0.489702
93953,0.489702
93954,0.137249
93955,0.489702
93960,0.951289
93962,0.137249
94002,0.630564
94005,0.839265
94010,0.630564
94011,0.630564
94014,0.275567
94015,0.630564
94016,0.630564
94017,0.630564
94018,0.630564
94019,0.630564
94020,0.630564
94021,0.490724
94022,0.065462
94023,0.065462
94024,0.065462
94025,0.065462
94026,0.630564
94027,0.630564
94028,0.630564
94030,0.630564
94035,0.065462
94037,0.630564
94038,0.630564
94039,0.065462
94040,0.065462
94041,0.065462
94042,0.065462
94043,0.065462
94044,0.630564
94060,0.839265
94061,0.630564
94062,0.630564
94063,0.630564
94064,0.630564
94065,0.630564
94066,0.630564
94070,0.630564
94074,0.630564
94080,0.630564
94083,0.630564
94085,0.065462
94086,0.065462
94087,0.065462
94088,0.065462
94089,0.065462
94102,0.095198
94103,0.095198
94104,0.095198
94105,0.095198
94107,0.095198
94108,0.095198
94109,0.095198
94110,0.630564
94111,0.095198
94112,0.630564
94114,0.630564
94115,0.095198
94116,0.630564
94117,0.630564
94118,0.630564
94119,0.095198
94120,0.095198
94121,0.630564
94122,0.630564
94123,0.095198
94124,0.630564
94125,0.095198
94126,0.095198
94127,0.630564
94128,0.630564
94129,0.630564
94130,0.095198
94131,0.630564
94132,0.630564
94133,0.095198
94134,0.630564
94137,0.095198
94139,0.095198
94140,0.095198
94141,0.095198
94142,0.095198
94143,0.630564
94144,0.095198
94145,0.095198
94146,0.095198
94147,0.095198
94151,0.095198
94158,0.095198
94159,0.095198
94160,0.095198
94161,0.095198
94163,0.095198
94164,0.095198
94172,0.095198
94177,0.095198
94188,0.095198
94203,0.291034
94204,0.291034
94205,0.291034
94206,0.291034
94207,0.291034
94208,0.291034
94209,0.291034
94211,0.291034
94229,0.291034
94230,0.291034
94232,0.291034
94234,0.291034
94235,0.291034
94236,0.291034
94237,0.291034
94239,0.291034
94240,0.291034
94244,0.291034
94245,0.291034
94247,0.291034
94248,0.291034
94249,0.291034
94250,0.291034
94252,0.291034
94254,0.291034
94256,0.291034
94257,0.291034
94258,0.291034
94259,0.291034
94261,0.291034
94262,0.291034
94263,0.291034
94267,0.291034
94268,0.291034
94269,0.291034
94271,0.291034
94273,0.291034
94274,0.291034
94277,0.291034
94278,0.291034
94279,0.291034
94280,0.291034
94282,0.291034
94283,0.291034
94284,0.291034
94285,0.291034
94286,0.291034
94287,0.291034
94288,0.291034
94289,0.291034
94290,0.291034
94291,0.291034
94293,0.291034
94294,0.291034
94295,0.291034
94296,0.291034
94297,0.291034
94298,0.291034
94299,0.291034
94301,0.065462
94302,0.065462
94303,0.065462
94304,0.065462
94305,0.065462
94306,0.065462
94309,0.065462
94401,0.630564
94402,0.630564
94403,0.630564
94404,0.630564
94497,0.630564
94501,0.095198
94502,0.095198
94503,0.097665
94505,0.930886
94506,0.065462
94507,0.065462
94508,0.150521
94509,0.880607
94510,0.273869
94511,0.880607
94512,0.880607
94513,0.59487
94514,0.930886
94515,0.150521
94516,0.095198
94517,0.659868
94518,0.095198
94519,0.880607
94520,0.880607
94521,0.880607
94522,0.880607
94523,0.095198
94524,0.880607
94525,0.880607
94526,0.065462
94527,0.880607
94528,0.065462
94529,0.880607
94530,0.095198
94531,0.880607
94533,0.540593
94534,0.098904
94535,0.880607
94536,0.065462
94537,0.065462
94538,0.065462
94539,0.065462
94540,0.065462
94541,0.065462
94542,0.065462
94543,0.065462
94544,0.065462
94545,0.065462
94546,0.065462
94547,0.095198
94548,0.930886
94549,0.095198
94550,0.899334
94551,0.337452
94552,0.065462
94553,0.095198
94555,0.065462
94556,0.095198
94557,0.065462
94558,0.5
94559,0.430132
94560,0.065462
94561,0.880607
94562,0.038163
94563,0.095198
94564,0.095198
94565,0.5
94566,0.065462
94567,0.379012
94568,0.065462
94569,0.880607
94570,0.065462
94571,0.880607
94572,0.095198
94573,0.038163
94574,0.19922
94575,0.065462
94576,0.038163
94577,0.095198
94578,0.065462
94579,0.065462
94580,0.065462
94581,0.880607
94582,0.065462
94583,0.065462
94585,0.880607
94586,0.065462
94587,0.065462
94588,0.065462
94589,0.880607
94590,0.880607
94591,0.880607
94592,0.880607
94595,0.095198
94596,0.095198
94597,0.095198
94598,0.095198
94599,0.038163
94601,0.095198
94602,0.095198
94603,0.095198
94604,0.095198
94605,0.095198
94606,0.095198
94607,0.095198
94608,0.095198
94609,0.095198
94610,0.095198
94611,0.095198
94612,0.095198
94613,0.095198
94614,0.095198
94615,0.095198
94617,0.095198
94618,0.095198
94619,0.095198
94620,0.095198
94621,0.095198
94622,0.095198
94623,0.095198
94624,0.095198
94649,0.095198
94659,0.095198
94660,0.095198
94661,0.095198
94662,0.095198
94666,0.095198
94701,0.095198
94702,0.095198
94703,0.095198
94704,0.095198
94705,0.095198
94706,0.095198
94707,0.095198
94708,0.095198
94709,0.095198
94710,0.095198
94712,0.095198
94720,0.095198
94801,0.095198
94802,0.095198
94803,0.095198
94804,0.095198
94805,0.095198
94806,0.095198
94807,0.095198
94808,0.095198
94820,0.095198
94850,0.095198
94901,0.860706
94903,0.095198
94904,0.095198
94912,0.095198
94913,0.095198
94914,0.095198
94915,0.095198
94920,0.095198
94922,0.427826
94923,0.427826
94924,0.427826
94925,0.095198
94926,0.880607
94927,0.880607
94928,0.880607
94929,0.427826
94930,0.095198
94931,0.662862
94933,0.427826
94937,0.986663
94938,0.264715
94939,0.095198
94940,0.427826
94941,0.973063
94942,0.095198
94945,0.095198
94946,0.717363
94947,0.095198
94948,0.880607
94949,0.095198
94950,0.427826
94951,0.430132
94952,0.098904
94953,0.880607
94954,0.217816
94955,0.880607
94956,0.264715
94957,0.095198
94960,0.095198
94963,0.427826
94964,0.095198
94965,0.095198
94966,0.095198
94970,0.427826
94971,0.427826
94972,0.427826
94973,0.427826
94974,0.095198
94975,0.880607
94976,0.095198
94977,0.095198
94978,0.095198
94979,0.095198
94998,0.095198
94999,0.880607
95001,0.489702
95002,0.065462
95003,0.191537
95004,0.122506
95005,0.191537
95006,0.554518
95007,0.489702
95008,0.065462
95009,0.065462
95010,0.489702
95011,0.065462
95012,0.137249
95013,0.065462
95014,0.065462
95015,0.065462
95017,0.489702
95018,0.489702
95019,0.137249
95020,0.907056
95021,0.137249
95023,0.829975
95024,0.137249
95025,0.065462
95026,0.065462
95030,0.065462
95031,0.065462
95032,0.065462
95033,0.065462
95035,0.507094
95036,0.065462
95037,0.732119
95038,0.137249
95039,0.137249
95041,0.489702
95042,0.065462
95043,0.944953
95044,0.065462
95045,0.203578
95046,0.122506
95050,0.065462
95051,0.065462
95052,0.065462
95053,0.065462
95054,0.065462
95055,0.065462
95056,0.065462
95060,0.43943
95061,0.489702
95062,0.489702
95063,0.489702
95064,0.489702
95065,0.489702
95066,0.660063
95067,0.489702
95070,0.065462
95071,0.065462
95073,0.489702
95075,0.137249
95076,0.938699
95077,0.137249
95101,0.065462
95103,0.065462
95106,0.065462
95108,0.065462
95109,0.065462
95110,0.065462
95111,0.065462
95112,0.065462
95113,0.065462
95115,0.065462
95116,0.065462
95117,0.065462
95118,0.065462
95119,0.065462
95120,0.065462
95121,0.065462
95122,0.065462
95123,0.065462
95124,0.065462
95125,0.065462
95126,0.065462
95127,0.065462
95128,0.065462
95129,0.065462
95130,0.065462
95131,0.065462
95132,0.065462
95133,0.065462
95134,0.065462
95135,0.065462
95136,0.065462
95138,0.611211
95139,0.065462
95140,0.065462
95141,0.065462
95148,0.065462
95150,0.065462
95151,0.065462
95152,0.065462
95153,0.065462
95154,0.065462
95155,0.065462
95156,0.065462
95157,0.065462
95158,0.065462
95159,0.065462
95160,0.065462
95161,0.065462
95164,0.065462
95170,0.065462
95172,0.065462
95173,0.065462
95190,0.065462
95191,0.065462
95192,0.065462
95193,0.065462
95194,0.065462
95196,0.065462
95201,0.930886
95202,0.930886
95203,0.930886
95204,0.930886
95205,0.930886
95206,0.930886
95207,0.930886
95208,0.930886
95209,0.930886
95210,0.930886
95211,0.930886
95212,0.930886
95213,0.930886
95214,0.930886
95215,0.930886
95219,0.930886
95220,0.930886
95221,0.930886
95222,0.810531
95223,0.663674
95224,0.59487
95225,0.332576
95226,0.930886
95227,0.814372
95228,0.810531
95229,0.930886
95230,0.664948
95231,0.930886
95232,0.930886
95233,0.930886
95234,0.930886
95236,0.59487
95237,0.930886
95240,0.59487
95241,0.930886
95242,0.930886
95245,0.930886
95246,0.59487
95247,0.59487
95248,0.930886
95249,0.930886
95251,0.544174
95252,0.59487
95253,0.930886
95254,0.930886
95255,0.930886
95257,0.930886
95258,0.930886
95267,0.930886
95269,0.930886
95296,0.930886
95297,0.930886
95301,0.930886
95303,0.930886
95304,0.930886
95305,0.810531
95306,0.03587
95307,0.930886
95309,0.930886
95310,0.930886
95311,0.451225
95312,0.930886
95313,0.930886
95315,0.930886
95316,0.930886
95317,0.03587
95318,0.90524
95319,0.930886
95320,0.930886
95321,0.366601
95322,0.137249
95323,0.930886
95324,0.930886
95325,0.03587
95326,0.930886
95327,0.664948
95328,0.930886
95329,0.664948
95330,0.930886
95333,0.03587
95334,0.930886
95335,0.59487
95336,0.930886
95337,0.930886
95338,0.73875
95340,0.03587
95341,0.94593
95343,0.03587
95344,0.03587
95345,0.90524
95346,0.930886
95347,0.930886
95348,0.930886
95350,0.930886
95351,0.930886
95352,0.930886
95353,0.930886
95354,0.930886
95355,0.930886
95356,0.930886
95357,0.930886
95358,0.15481
95360,0.59487
95361,0.857055
95363,0.835106
95364,0.810531
95365,0.03587
95366,0.15481
95367,0.930886
95368,0.930886
95369,0.930886
95370,0.544174
95372,0.930886
95373,0.930886
95374,0.930886
95375,0.930886
95376,0.930886
95377,0.968686
95378,0.930886
95379,0.930886
95380,0.930886
95381,0.930886
95382,0.930886
95383,0.814372
95385,0.930886
95386,0.59487
95387,0.930886
95388,0.930886
95389,0.275345
95391,0.930886
95397,0.930886
95401,0.038163
95402,0.038163
95403,0.150521
95404,0.838601
95405,0.038163
95406,0.038163
95407,0.038163
95409,0.038163
95410,0.121236
95412,0.542904
95415,0.227392
95416,0.880607
95417,0.121236
95418,0.121236
95419,0.427826
95420,0.121236
95421,0.584456
95422,0.150521
95423,0.88448
95424,0.038163
95425,0.172359
95426,0.038163
95427,0.121236
95428,0.158235
95429,0.121236
95430,0.427826
95431,0.880607
95432,0.121236
95433,0.880607
95435,0.038163
95436,0.038163
95437,0.121236
95439,0.038163
95441,0.0791
95442,0.038163
95443,0.472257
95444,0.038163
95445,0.427826
95446,0.427826
95448,0.44105
95449,0.038163
95450,0.264715
95451,0.645562
95452,0.038163
95453,0.724218
95454,0.121236
95456,0.121236
95457,0.171934
95458,0.038163
95459,0.427826
95460,0.121236
95461,0.097985
95462,0.427826
95463,0.121236
95464,0.475963
95465,0.741502
95466,0.038163
95467,0.038163
95468,0.427826
95469,0.857235
95470,0.5
95471,0.427826
95472,0.427826
95473,0.038163
95476,0.687895
95480,0.427826
95481,0.886798
95482,0.54593
95485,0.295223
95486,0.427826
95487,0.880607
95488,0.406605
95490,0.857235
95492,0.038163
95493,0.886798
95494,0.038163
95497,0.427826
95501,0.676875
95502,0.676875
95503,0.676875
95511,0.676875
95514,0.676875
95518,0.676875
95519,0.676875
95521,0.676875
95524,0.676875
95525,0.676875
95526,0.331346
95527,0.319011
95528,0.676875
95531,0.676875
95532,0.676875
95534,0.676875
95536,0.676875
95537,0.676875
95538,0.676875
95540,0.676875
95542,0.853784
95543,0.598115
95545,0.676875
95546,0.406605
95547,0.676875
95548,0.676875
95549,0.676875
95550,0.676875
95551,0.676875
95552,0.676875
95553,0.676875
95554,0.676875
95555,0.676875
95556,0.676875
95558,0.828029
95559,0.676875
95560,0.676875
95562,0.676875
95563,0.319011
95564,0.676875
95565,0.676875
95567,0.598115
95568,0.676875
95569,0.676875
95570,0.676875
95571,0.676875
95573,0.227182
95585,0.676875
95587,0.676875
95589,0.676875
95595,0.282959
95601,0.291034
95602,0.253885
95603,0.253885
95604,0.253885
95605,0.291034
95606,0.150521
95607,0.593097
95608,0.291034
95609,0.291034
95610,0.291034
95611,0.291034
95612,0.291034
95613,0.253885
95614,0.831227
95615,0.291034
95616,0.291034
95617,0.291034
95618,0.291034
95619,0.831227
95620,0.038163
95621,0.291034
95623,0.460433
95624,0.291034
95625,0.038163
95626,0.213763
95627,0.150521
95628,0.291034
95629,0.667621
95630,0.291034
95631,0.708591
95632,0.599625
95633,0.209675
95634,0.253885
95635,0.831227
95636,0.253885
95637,0.150521
95638,0.213763
95639,0.291034
95640,0.5
95641,0.880607
95642,0.59487
95644,0.233581
95645,0.253885
95646,0.709925
95648,0.414281
95650,0.253885
95651,0.253885
95652,0.291034
95653,0.038163
95654,0.930886
95655,0.291034
95656,0.291034
95658,0.253885
95659,0.253885
95660,0.291034
95661,0.253885
95662,0.291034
95663,0.831227
95664,0.908475
95665,0.291034
95666,0.291034
95667,0.831227
95668,0.484652
95669,0.225569
95670,0.291034
95671,0.253885
95672,0.253885
95673,0.291034
95674,0.253885
95675,0.291034
95676,0.253885
95677,0.253885
95678,0.253885
95679,0.994329
95680,0.291034
95681,0.209675
95682,0.773293
95683,0.752167
95684,0.253885
95685,0.291034
95686,0.291034
95687,0.038163
95688,0.838601
95689,0.291034
95690,0.291034
95691,0.291034
95692,0.831227
95693,0.659769
95694,0.128986
95695,0.291034
95696,0.038163
95697,0.291034
95698,0.291034
95699,0.291034
95701,0.253885
95703,0.253885
95709,0.831227
95712,0.253885
95713,0.253885
95714,0.253885
95715,0.760855
95717,0.253885
95720,0.057546
95721,0.233581
95722,0.253885
95724,0.233581
95726,0.253885
95728,0.233581
95735,0.233581
95736,0.253885
95741,0.291034
95742,0.752167
95746,0.253885
95747,0.798982
95757,0.291034
95758,0.291034
95759,0.291034
95762,0.911536
95763,0.291034
95765,0.209675
95776,0.291034
95798,0.291034
95799,0.291034
95811,0.291034
95812,0.291034
95813,0.291034
95814,0.291034
95815,0.291034
95816,0.291034
95817,0.291034
95818,0.291034
95819,0.291034
95820,0.291034
95821,0.291034
95822,0.291034
95823,0.291034
95824,0.291034
95825,0.291034
95826,0.291034
95827,0.291034
95828,0.291034
95829,0.291034
95830,0.291034
95831,0.291034
95832,0.291034
95833,0.291034
95834,0.291034
95835,0.291034
95836,0.291034
95837,0.291034
95838,0.291034
95840,0.291034
95841,0.291034
95842,0.291034
95843,0.291034
95851,0.291034
95852,0.291034
95853,0.291034
95860,0.291034
95864,0.291034
95865,0.291034
95866,0.291034
95867,0.291034
95894,0.291034
95899,0.291034
95901,0.507105
95903,0.88656
95910,0.475963
95912,0.253885
95913,0.886798
95914,0.475963
95915,0.886798
95916,0.475963
95917,0.475963
95918,0.829181
95919,0.490042
95920,0.240764
95922,0.16339
95923,0.475963
95924,0.253885
95925,0.475963
95926,0.886798
95927,0.886798
95928,0.334627
95929,0.886798
95930,0.475963
95932,0.475963
95934,0.886798
95935,0.475963
95936,0.475963
95937,0.150521
95938,0.334627
95939,0.384001
95940,0.475963
95941,0.475963
95942,0.886798
95943,0.886798
95944,0.475963
95945,0.956028
95946,0.253885
95947,0.801458
95948,0.475963
95949,0.292975
95950,0.253885
95951,0.886798
95953,0.240764
95954,0.643804
95955,0.240764
95956,0.475963
95957,0.253885
95958,0.475963
95959,0.209675
95960,0.253885
95961,0.872345
95962,0.475963
95963,0.801458
95965,0.56732
95966,0.863379
95967,0.886798
95968,0.475963
95969,0.886798
95970,0.475963
95971,0.240764
95972,0.475963
95973,0.332156
95974,0.475963
95975,0.253885
95976,0.886798
95977,0.829181
95978,0.886798
95979,0.658094
95980,0.886798
95981,0.475963
95982,0.480803
95983,0.16339
95984,0.334627
95986,0.253885
95987,0.586894
95988,0.258931
95991,0.956028
95992,0.253885
95993,0.161434
96001,0.604958
96002,0.972426
96003,0.953896
96006,0.972426
96007,0.539089
96008,0.972426
96009,0.152168
96010,0.573917
96011,0.972426
96013,0.152168
96014,0.165795
96015,0.911974
96016,0.972426
96017,0.972426
96019,0.972426
96020,0.886798
96021,0.41237
96022,0.413011
96023,0.865699
96024,0.638105
96025,0.152168
96027,0.944046
96028,0.152168
96029,0.121236
96031,0.529873
96032,0.935291
96033,0.152168
96034,0.598115
96035,0.785956
96037,0.598115
96038,0.490359
96039,0.175239
96040,0.972426
96041,0.972426
96044,0.887149
96046,0.406605
96047,0.833869
96048,0.297657
96049,0.972426
96050,0.770763
96051,0.72491
96052,0.972426
96054,0.638105
96055,0.121236
96056,0.912926
96057,0.448753
96058,0.290686
96059,0.485261
96061,0.786295
96062,0.939708
96063,0.121236
96064,0.582377
96065,0.483845
96067,0.972426
96068,0.972426
96069,0.30165
96070,0.972426
96071,0.972426
96073,0.152168
96074,0.857235
96075,0.786295
96076,0.413011
96078,0.121236
96079,0.972426
96080,0.369546
96084,0.152168
96085,0.598115
96086,0.688153
96087,0.25793
96088,0.59694
96089,0.972426
96090,0.121236
96091,0.862969
96092,0.886798
96093,0.972426
96094,0.461677
96095,0.972426
96096,0.59694
96097,0.286888
96099,0.972426
96101,0.424943
96103,0.233581
96104,0.129842
96105,0.933492
96106,0.233581
96107,0.057546
96108,0.972426
96109,0.655389
96110,0.307056
96111,0.233581
96112,0.484284
96113,0.233581
96114,0.057546
96115,0.774339
96116,0.152168
96117,0.680183
96118,0.019335
96119,0.972426
96120,0.743967
96121,0.233581
96122,0.890491
96123,0.894411
96124,0.233581
96125,0.233581
96126,0.233581
96127,0.886798
96128,0.233581
96129,0.132943
96130,0.259115
96132,0.152168
96133,0.233581
96134,0.250782
96135,0.233581
96136,0.678704
96137,0.021105
96140,0.233581
96141,0.233581
96142,0.233581
96143,0.233581
96145,0.233581
96146,0.233581
96148,0.233581
96150,0.233581
96151,0.233581
96152,0.233581
96154,0.233581
96155,0.233581
96156,0.233581
96157,0.233581
96158,0.233581
96160,0.233581
96161,0.233581
96162,0.233581
